Title,Contents,link
[속보] 부산 오늘 9명 신규 확진…누적 300명 넘겨,한국철도공사가 코로나19 확산 방지를 위해 사상 처음으로 추석 명절 승차권 예매를 100 온라인으로 진행하기로 했다 추석 승차권 예매가 시작된 1일 오전 부산역 매표소 앞에 온라인 예매를 알리는 현수막이 붙어 있다 정종회 기자 jjh부산시는 1일 코로나19 확진자는 전날 대비 9명이 추가돼 누적 305명이라고 밝혔다 부산 코로나19 확진자는 2월 21일 첫 환자 발생 이후 193일 만에 300명을 돌파했다 이날 신규 확진자 9명은 감염경로를 조사 중인 사례가 4명 연산동 오피스텔 관련이 2명 서울 관련이 2명이다 최혜규 기자 iwillbusancom 네이버에서 부산일보 구독하기 클릭 터치 부산 앱 출시 부산일보 지면을 내 손 안에 부산일보 홈 바로가기,https://news.naver.com/main/ranking/read.nhn?mid=etc&sid1=111&rankingType=popular_day&oid=082&aid=0001025584&date=20200901&type=1&rankingSectionId=102&rankingSeq=1
[핵잼 사이언스] “드래곤 닮아” 아프리카서 신종 독사 발견…학명에 메탈리카 이름,서울신문 나우뉴스“드래곤 닮아” 아프리카서 신종 독사 발견학명에 메탈리카 이름사진루이스 세리아코아프리카 서부 기니만에 있는 화산섬인 비오코섬에서 숲살무사에 속하는 신종 독사가 발견됐다 이 섬은 적도기니의 수도 말라보가 있는 곳으로도 유명하다국제동물분류학회지 주택사’Zootaxa 최신호에 따르면 이번 신종 뱀은 헤비메탈 밴드 메탈리카’의 리더인 제임스 헷필드의 이름을 따서 아테리스 헷필디Atheris hetfieldi라는 학명이 붙여졌다이는 연구를 이끈 포르투갈 리스본대 국립자연사박물관의 파충류학 큐레이터인 루이스 세리아코 박사가 이 뱀의 가시 돋친 비늘과 드래곤 같은 외형을 보고 메탈리카를 떠올렸기 때문이다게다가 이 섬에서 신종 뱀이 발견된 사례는 100여 년 만에 처음이고 섬의 고유종으로 인정된 사례 역시 이번 종이 처음인 것으로 전해졌다삼각형 머리를 지닌 맹독사사진루이스 세리아코아테리스 헷필디는 몸길이가 52㎝에 달하며 온몸은 가시 같은 비늘로 뒤덮여 있다 머리는 독사 특유의 삼각 형태를 띠고 있다이 뱀은 1900년대 목격했다는 보고가 있지만 형태나 분류학적으로 특정한 사례는 없다이에 대해 세리아코 박사는 이 신종 독사는 다른 숲살무사들과 외형적인 특징이 많이 달라 앞으로도 연구할 것들이 남아 있다고 말했다신종 독사를 비롯한 숲살무사는 맹독을 지녀 물리면 심한 통증과 함께 몸이 붓고 심지어 목숨이 위태로워질 수도 있다 실제로 아프리카에서는 이들 뱀에게 물려 사망한 사례가 몇 건이나 보고되기도 했다 그런데도 아직 이들 뱀에 특화된 해독제는 개발되지 않은 것으로 알려졌다메탈리카는 신종 생물 이름에 안성맞춤메탈리카 앨범 재킷처럼 그린 아테리스 헷필디의 이미지사진아서 반되르세리아코 박사는 또 제임스 헷필드의 이름을 따온 이유로 “나를 비롯해 연구팀의 마리아나 마르케스는 어렸을 때부터 메탈리카를 즐겨 들어온 열성 팬”이라면서 “지금까지 인생이나 연구 생활에 미친 영향에 감사의 뜻을 담아 그의 이름을 선택했다”고 설명했다한편 메탈리카에서 신종 생물의 이름을 붙인 사례는 이번이 처음은 아니다 지난 2월 수심 5000m 부근 심해에서 발견된 신종 갑각류에게는 마르로스틸리스 메탈리콜라Macrostylis metallicola라는 학명이 붙여지기도 했다윤태희 기자 th20022seoulcokr★ 나우뉴스에서 통신원 칼럼니스트 모집  나우뉴스 유튜브 지구인 극장 오픈ⓒ 서울신문wwwseoulcokr 무단전재 및 재배포금지,https://news.naver.com/main/ranking/read.nhn?mid=etc&sid1=111&rankingType=popular_day&oid=081&aid=0003120108&date=20200901&type=1&rankingSectionId=105&rankingSeq=4
"""모두 미안"" 극단선택 암시글···'여행에 미치다' 조준기 의식불명",  여행에미치다 조준기 대표 사진 조준기 인스타그램소셜미디어 기반 국내 최대 여행플랫폼 여행에 미치다를 운영하는 트래블홀릭의 조준기 대표가 1일 자신의 인스타그램 계정에 극단적인 선택을 암시하는 글을 올렸다 조 대표는 구급대원들에 의해 발견돼 현재 병원으로 이송된 것으로 파악됐다 최근 여행에 미치다는 공식 계정에 불법 음란물 영상을 올렸다가 논란을 빚었다  서울 용산경찰서 등에 따르면 조 대표는 이날 오전 11시께 지인의 신고를 받고 출동한 119 구급대에 의해 발견됐다 발견 당시 조 대표는 의식불명 상태였으나 현장에 출동한 구급대원들의 심폐소생술 등 응급처치로 맥박과 호흡을 회복한 것으로 전해졌다 조 대표는 순천향대학교 병원으로 이송된 상태다  조 대표는 이날 자신의 인스타그램에 정말 모두에게 미안하다며 이제 더 이상 그 누구에게도 짐이 되지 않고 내 갈 길로 떠나려고 한다고 적었다 그는 마지막으로 조준기를 가족으로 대표로 친구로 사랑하는 사람으로 대해줬던 모든 사람들에게 이리 부족한 나를 항상 보듬어주고 응원해줘서 고마웠다고도 했다  그는 자신의 계좌번호를 남기면서 코로나 시국이니 장례식은 가족끼리만 해 달라 지인들 부조는 남은 우리 가족들 크루들 다시 잘 살아갈 수 있도록 해 달라 등 극단적인 선택을 암시하는 내용을 적기도 했다  지난 29일 여행에 미치다 공식 인스타그램 계정은 강원도 평창의 양떼목장을 소개하는 글을 올리면서 불법 음란물 영상이 함께 등록됐다 게시물은 곧바로 삭제됐지만 불법 음란물을 소지한 경위 등에 대해선 의혹이 남은 상태다 이에 지난 30일 서울 강남경찰서가 내사에 들어갔다  오원석 기자 ohwonseokjoongangcokr  우울감 등 말하기 어려운 고민으로 전문가의 도움이 필요하면 자살예방 상담전화 1393 생명의전화 15889191 청소년 전화 1388 등에 전화하면 24시간 상담을 받을 수 있습니다넌 뉴스를 찾아봐 난 뉴스가 찾아와 그래서 팩트가 뭐야 궁금하면 팩플 세상 쉬운 내 돈 관리 그게머니ⓒ중앙일보httpsjoongangcokr 무단 전재 및 재배포 금지,https://news.naver.com/main/ranking/read.nhn?mid=etc&sid1=111&rankingType=popular_day&oid=025&aid=0003031130&date=20200901&type=1&rankingSectionId=102&rankingSeq=3
"민경욱 전 의원, 자가격리 중 무단이탈… 경찰 고발",민경욱 당국의 고발에 “법적 근거 대봐”민경욱 전 미래통합당 의원이 자가격리 중 무단으로 이탈했다가 고발됐다인천시 연수구는 감염병의 예방 및 관리에 관한 법률 위반 혐의로 민 전 의원을 경찰에 고발했다고 1일 밝혔다민 전 의원은 지난달 22일 자가격리 담당 공무원이 자택을 찾아왔을 때 자리를 비운 것으로 확인됐다 자가격리 수칙을 위반하면 1년 이하의 징역 또는 1000만원 이하의 벌금을 받는다이에 대해 민 전 의원은 이날 오후 자신의 페이스북에 “자가격리 위반 음성 판정받은 사람을 자가격리 시킬 수 있는 법적 근거를 대보라”고 반박했다그는 “변호사들이 한참을 찾고 내린 결론은 음성 판정을 받은 사람에게 자가격리 명령을 내릴 수 있는 권한은 어디에도 없다는 것”이라고 주장했다그러면서 “두 번이나 자발적인 검사를 받아서 모두 음성 판정을 받은 나를 고발하겠다고”라며 “부정선거 자꾸 외치니 무서워서 그런 거라고 솔직히 말해라”라고 비꼬았다앞서 민 전 의원은 신종 코로나바이러스감염증코로나19 집단감염이 발생한 서울 성북구 사랑제일교회와 관련한 접촉자로 분류돼 보건 당국으로부터 자가격리 통보를 받았다최민우 기자 cmwoo11kmibcokr 네이버에서 국민일보를 구독하세요클릭 국민일보 홈페이지 바로가기GoodNews paper ⓒ 국민일보wwwkmibcokr 무단전재 및 재배포금지,https://news.naver.com/main/ranking/read.nhn?mid=etc&sid1=111&rankingType=popular_day&oid=005&aid=0001357642&date=20200901&type=1&rankingSectionId=100&rankingSeq=1
'바비'보다 더 센 태풍 '마이삭' 온다…지자체 '초비상',해수위가 높은 시기 폭풍해일 발생 가능성최대풍속 초속 60ｍ 매미와 경로 유사 각별한 대응 체계 구축전국종합연합뉴스 제9호 태풍 마이삭이 매우 강한 태풍으로 발달해 우리나라를 향해 북상하면서 태풍 영향권에 들어서는 지자체들이 바짝 긴장하고 있다제9호 태풍 마이삭 제주 향해 북상서귀포연합뉴스 박지호 기자  제9호 태풍 마이삭이 매우 강한 태풍으로 발달해 제주도 남쪽 해상을 향해 접근 중인 가운데 1일 오전 서귀포항에 어선들이 대피하는 등 긴장감이 높아지고 있다 202091 jihoparkynacokr각 지자체는 태풍 피해 최소화를 위해 재난안전대책본부를 긴급 가동하고 지자체별 상황에 따라 비상 근무체제에 돌입할 예정이다1일 기상청에 따르면 오전 9시 기준 마이삭은 일본 오키나와 서쪽 약 200㎞ 부근 해상에서 시속 13㎞의 속도로 북북서진 중이다 중심기압은 935hPa 강풍반경은 380㎞ 최대풍속은 초속 49m다 마이삭은 2일 오후 9시 서귀포 동쪽 약 150㎞ 부근 해상을 지나 3일 새벽 부산 인근에 상륙해 영남 지역 도시들을 관통한 뒤 강원도 동해안으로 빠져나갈 전망이다이날 늦은 밤 제주도 남쪽 먼바다를 시작으로 3일까지 전국이 태풍의 영향권에 들게 된다태풍의 영향으로 제주는 이날 아침 전남은 밤부터 비가 내리고 2∼3일에는 전국에 매우 강한 비바람이 몰아칠 것으로 예상된다그래픽 태풍 마이삭 예상 진로서울연합뉴스 김영은 기자  제9호 태풍 마이삭이 매우 강한 태풍으로 발달해 제주도 남쪽 해상을 향해 접근 중이다기상청은 마이삭이 1일 오전 9시 기준 일본 오키나와 서쪽 약 200㎞ 부근 해상에서 시속 13㎞의 속도로 북북서진 중이라고 밝혔다 중심기압은 935hPa 강풍반경은 380㎞ 최대풍속은 초속 49m다0eunynacokr트위터 yonhapgraphics  페이스북 tuneykrLeYN1특히 마이삭은 직전 태풍 바비보다 강할 전망이며 거센 바람이 부는 동시에 많은 비를 뿌릴 것으로 보여 큰 피해가 예상된다태풍 마이삭으로 인한 예상 강수량은 강원 영동경북 동해안울릉도독도경남제주도 100∼300㎜많은 곳 400㎜ 이상 서울경기강원 영서충북경북동해안 제외 100∼200㎜ 충남전라도서해5도 50∼150㎜다최대순간풍속은 제주도경상 해안 시속 108∼180㎞초속 30∼50ｍ 강원 영동남부지방경상 해안 제외 72∼144㎞초속 20∼40ｍ 그 밖의 지방 36∼108㎞초속 10∼30ｍ로 예상된다바람의 세기가 초속 40∼60ｍ면 사람이 걸어 다닐 수 없는 정도이며 시설물이 바람에 날려 훼손되거나 부서질 수 있다 각 지자체는 태풍 마이삭이 2002년 큰 피해를 줬던 태풍 루사와 2003년 태풍 매미의 경로와 유사해 각별한 대응 체계를 구축하고 있다그래픽 역대 태풍 최대 순간 풍속 순위서울연합뉴스 김영은 기자  26일 기상청에 따르면 제8호 태풍 바비는 서귀포 서쪽 약 200km 부근 해상에서 시속 22km로 북진하고 있다 예상 최대순간풍속은 초속 600m다역대 태풍의 최대순간풍속은 2003년 9월 12일 매미가 초속 600m제주로 가장 빨랐다0eunynacokr트위터 yonhapgraphics  페이스북 tuneykrLeYN12003년 태풍 매미의 경우 중심 부근 최대풍속 초속 41ｍ의 강도 강의 세력을 유지하며 한반도에 상륙했다매미는 2000년대 이후 한반도에 내습한 태풍 중 바람 세기가 가장 강했다 당시 제주에서 순간 최대풍속 초속 60ｍ가 관측됐다 시속으로 계산하면 216㎞에 달하는 엄청난 강풍이다앞서 지난 26일 태풍 바비가 우리나라 최외곽 가거도를 통과할 때는 최대순간풍속이 초속 661m에 달했던 것으로 뒤늦게 확인된 바 있다 제주도는 태풍의 이동경로를 예의주시하며 긴장의 고삐를 죄고 있다태풍 대비 비상 1단계 상태인 제주도는 오전 11시 상황판단회의를 진행 유관기관과 협력을 통해 태풍에 대비한다 도는 태풍이 근접함에 따라 항공기 결항 체류객 관리 해수욕장과 주요 시설물 관리 대중교통 운행 상황 및 교통흐름 관리 다중이용시설 코로나19 관련 방역수칙 준수 등 각종 위험 요인에 대처할 예정이다 태풍 북상 부산항 먹구름부산연합뉴스 조정호 기자  제9호 태풍 마이삭이 한반도를 향해 북상 중인 1일 부산항국제여객터미널 상공으로 먹구름이 몰려오고 있다 202091 cchoynacokr해안계곡공사장낙석위험지역에 안전선을 설치하고 바람에 날릴 우려가 있는 시설물의 고정 작업은 물론 차량 침수 우려지역인 한천남수각 등의 차량 출입 제한조치 등을 단계적으로 시행한다도는 또 제주해경과 함께 관내 항포구 위험구역 등 90여곳을 중심으로 순찰을 강화하고 대형경비함정을 배치해 조업하는 어선의 대피를 유도할 계획이다마이삭이 인근을 지날 것으로 보이는 부산도 긴장하고 있다 특히 긴 장마에 이어진 집중 호우 때 발생한 피해가 완전히 복구되지 않은 상태에서 강한 태풍이 내습할 것으로 예상됨에 따라 어느 때보다 대응태세를 높일 예정이다 부산시는 태풍 근접시점에 따라 재난안전대책본부를 즉각 가동하고 전 공무원이 단계별로 비상 근무하도록 할 예정이다태풍 내습에 따른 인명 피해를 예방하기 위해 산사태 우려 지역이나 급경사지 붕괴 위험이 있는 옹벽이나 낙석 발생지역에 대한 점검을 강화하고 있다태풍 마이삭 강풍에 넘어진 가로수나하일본 오키나와 교도연합뉴스 1일 오전 일본 오키나와 나하那覇시 한 도로에 강풍에 넘어진 뒤 철거하려고 절단된 가로수가 쌓여있다 9호 태풍 마이삭은 이날 오전 오키나와 부근을 지나는 것으로 알려졌다 202091 chungwonynacokr특히 급경사지 공사장 저지대 방재시설 침수 우려 도로 등 재해우려지역에 대한 예찰을 강화한다 침수피해를 막기 위해 배수펌프장 59곳과 빗물 저류시설 침수피해가 잦은 하수관로 기능을 살펴보고 물난리가 되풀이되는 저지대 주민 안전대책도 재확인할 예정이다경남도 역시 비상체제에 돌입했다이번 태풍은 매우 강한 바람과 많은 비를 동반하고 태풍 상륙이 예상되는 2∼3일은 한달 중 해수위가 높은 시기여서 폭풍해일이 발생할 가능성이 큰 것으로 보고 있다이에 경남도는 해안가 저지대와 해안도로에 피해가 발생하지 않도록 배수장 가동점검 침수 우려지역 주민 사전 대피 지하 영업장 영업중지 권고 지하 주차장 차량 대피 등 인명피해 예방에 나섰다태풍 마이삭 제주 접근중서귀포연합뉴스 박지호 기자  제9호 태풍 마이삭이 매우 강한 태풍으로 발달해 제주도 남쪽 해상을 향해 접근 중인 가운데 1일 오전 서귀포시 토평동 동서교통 통합관제실에서 관계자들이 태풍의 예상 진로를 살펴보고 있다 202091 jihoparkynacokr타워크레인 옥외광고물 수산물 양식장 코로나19 선별진료소 그늘막 등 강풍에 취약한 시설물에 대해 결박고정 여부도 점검하고 있다도는 이날 도청 간부 공무원이 일선 시군을 방문해 태풍 대비사항과 협력체제를 직접 점검할 계획이다전남도는 기상청 태풍예보에 따라 비상 근무에 들어가기로 하는 등 재난안전대책본부를 가동해 태풍피해가 최소화하도록 대비할 방침이다전남도는 지난달 31일 마이삭 선제 대응을 위한 상황판단 회의를 도내 22개 시군과 함께 열고 인명재산 피해가 없도록 사전조치를 철저히 해 달라고 당부했다황봉규 오수희 여운창 변지철bjcynacokr코로나19 속보는 네이버 연합뉴스구독 클릭팩트체크 코로나19가 탈모 원인제보하기,https://news.naver.com/main/ranking/read.nhn?mid=etc&sid1=111&rankingType=popular_day&oid=001&aid=0011851761&date=20200901&type=1&rankingSectionId=102&rankingSeq=2
자고 일어났더니 몸 속에 1.2m길이 뱀이?,인스타그램러시아의 한 여성의 몸에서 4피트약 12m가 넘는 뱀이 나왔다31일현지 시각 현지 언론에 따르면 러시아 다게스탄 공화국 레바쉬마을에 살고있는 한 여성은 집 마당에서 잠을 자고 있었다 잠에서 깬 여성은 몸이 안좋아지기 시작했고 곧바로 병원에 갔다의사들은 검사를 통해 여성의 배 안에 이물질이 있다는 것을 확인하고 전신 마취를 하고 수술에 들어갔다여성의 몸 안에 있던 이물질은 다름아닌 뱀이었다 의사는 수술 중 목에 튜브를 삽입하고 입을 통해 몸 속에 있던 뱀을 꺼냈다 4피트약 12m가 넘는 길이였다 의료진이 수술 중 촬영한 영상을 보면 길고 얇은 물체를 여성의 입 속에서 꺼내는 것을 확인할 수 있다의료진은 “밖에서 자는 도중에 입을 통해 뱀이 들어간 것 같다”고 추정했다 수술을 받은 여성의 현재 상태가 어떤지는 아직 알려지지 않았다고 현지 언론이 전했다레바쉬마을 주민들은 “드물지만 이런 일이 발생하기 때문에 밖에서 자지 말라고 조언한다”고 전했다 이 마을은 대체로 산악지대로 이뤄져 있다강다은 기자 kkangchosuncom  집 있어도 없어도 스트레스 혼돈의 부동산 유용원 군사전문기자의 밀리터리시크릿 밀톡  과학이 이렇게 재밌을수가 사이언스카페  Copyrights ⓒ 조선일보  chosuncom 무단 전재 및 재배포 금지 ,https://news.naver.com/main/ranking/read.nhn?mid=etc&sid1=111&rankingType=popular_day&oid=023&aid=0003558126&date=20200901&type=1&rankingSectionId=104&rankingSeq=3
대박 터진 카카오게임즈…청약 2시간만에 2조 쏟아졌다,  지난달 31일 서울 여의도 한국투자증권 영업점에서 개인투자자들이 카카오게임즈 공모주 청약 상담을 위해 대기하고 있다 연합뉴스코스닥 시장 상장을 앞두고 기관투자자 대상 수요예측에서 경쟁률 신기록을 세운 카카오게임즈가 일반 공모주 청약에서도 폭발적인 흥행을 이어가고 있다 기업공개 주관사가 청약 폭주로 온라인 청약을 잠시 중단하는 일까지 벌어졌다  1일 카카오게임즈 일반 공모주 청약을 시작한 삼성증권은 오전 9시 43분부터 약 20여분 동안 온라인 청약을 일시 중단했다 삼성증권 측은 오전 8시부터 온오프라인으로 청약을 받고 있는데 예전과 달리 첫날부터 심하게 몰리면서 시스템이 다소 지연되는 현상이 빚어졌다며 이에 온라인을 통한 청약을 일시 중단했다고 밝혔다 삼성증권 모바일트레이딩시스템MTS도 지연되면서 일반 주식 거래를 위한 고객들의 항의도 이어졌다  삼성증권은 한국투자증권 KB증권과 함께 카카오게임즈 기업공개IPO 주관사다 오는 2일까지 진행되는 일반 청약 중 128만주를 삼성증권이 공모한다 오전 10시 20분 기준 카카오게임즈 청약을 위해 몰린 증거금은 약 1조 5000억원 규모 경쟁률도 100대 1을 넘어섰다  청약 배정 물량이 가장 적은 KB증권의 경우 청약 시작 2시간여 만에 경쟁률이 200대 1을 돌파했다 이날 오전 10시 20분께 KB증권에서 집계된 청약 경쟁률은 232대 1로 나타났다 이는 통합 기준으로 집계한 SK바이오팜의 청약 첫날 경쟁률6193대 1을 크게 웃도는 수준이다 청약 신청 주식 수로 산출한 KB증권의 청약 증거금은 대략 4천500억원 규모로 추정된다 삼성증권과 KB증권만으로 이미 2조원 가까운 자금이 몰린 셈이다  가장 많은 청약 물량이 배정된 한국투자증권의 경우 이날 오전 11시부터 청약을 개시한다 한국투자증권의 청약 서비스가 시작하기도 전에 투자자들이 몰리면서 객장 안 의자가 꽉 차고 줄까지 서는 진풍경이 연출됐다  카카오게임즈 증권신고서에 따르면 이번 일반 투자자 대상 공모주 청약에서는 공동 대표 주관사인 한국투자증권과 삼성증권에 각각 176만주와 128만주가 배정됐다 인수회사인 KB증권에는 16만주가 배정됐다  카카오게임즈는 하반기 IPO 최대어로 꼽힌다 지난달 2627일 진행한 기관투자자 대상 수요예측에 기관 1745개가 참여해 경쟁률 147553대 1을 기록했다 업계에서는 카카오게임즈가 일반 공모주 청약 경쟁률에서도 SK바이오팜323대 1을 뛰어넘을지 관심을 갖고 있다  오원석 기자 ohwonseokjoongangcokr넌 뉴스를 찾아봐 난 뉴스가 찾아와 그래서 팩트가 뭐야 궁금하면 팩플 세상 쉬운 내 돈 관리 그게머니ⓒ중앙일보httpsjoongangcokr 무단 전재 및 재배포 금지,https://news.naver.com/main/ranking/read.nhn?mid=etc&sid1=111&rankingType=popular_day&oid=025&aid=0003031100&date=20200901&type=1&rankingSectionId=101&rankingSeq=2
"정부, 전공의 의사증원 철회 요구에 ""추진 중단에도 진료거부""(종합)",한방첩약 시범사업 철회 주장은 법 위반 요구공공의대는 입법 사안의대정원 확대 새로운 대안 제시하면 진정성 갖고 논의에 임할 것계속되는 집단 휴진서울연합뉴스 이지은 기자  전공의전임의 등 의료계가 의대정원 확대 공공의대 설립 등 주요 정책 철회를 촉구하며 집단휴진을 이어가는 가운데 1일 오전 서울 종로구 서울대병원 어린이병원에서 내원객이 진료 순서를 기다리고 있다 202091 jieunleeynacokr서울연합뉴스 강애란 김철선 기자  의대정원 확대 정책 등에 반발해 집단휴진에 들어간 전공의들이 업무 복귀 조건으로 정책 철회를 고수하자 정부가 이미 해당 정책 추진을 중단한 상태라고 강조했다또 전공의들이 철회를 촉구하는 한방첩약 시범사업 공공의대 신설 등 2가지 정책은 행정부 권한을 벗어난 사안으로 정부의 철회가 불가능하며 건강보험법 위반 국회 입법권 관여 등의 문제가 있다고 지적했다 코로나19 이후 협의방침 제시조속히 진료현장 복귀해야윤태호 중앙사고수습본부 방역총괄반장은 1일 정부세종청사에서 열린 중앙재난안전대책본부 브리핑에서 전공의들의 의대정원 확대 정책 철회 요구와 관련해 정부는 이미 어떠한 조건도 걸지 않고 교육부 정원 통보 등 의사 수 확대 정책의 추진을 중단해 둔 상태라고 말했다윤 방역총괄반장은 코로나19의 위기 극복 이후에 모든 가능성을 열어놓고 협의를 하자는 제안을 지속해서 제시한 바 있다며 전공의단체가 새로운 정책 대안을 제시한다면 정부도 진정성을 갖고 논의에 임할 것이라고 했다그러면서 정부의 양보와 제안에도 불구하고 의사 수 확대 철회라는 요청이 환자들의 생명과 안전을 위협하는 집단적인 진료 거부까지 강행할 만큼 중요하고 시급한 것인지 재고해 달라고 말했다정부는 의대정원 확대와 관련해서는 모든 가능성을 열어두고 논의해가겠다는 입장을 대통령 약속이라고 언급하면서 업무 복귀를 촉구했다윤 방역총괄반장은 어제 문재인 대통령도 코로나19의 위기가 해소된 이후 정부가 약속한 협의체와 국회의 협의기구 등을 통해 의료계와 충분한 협의를 추진하겠다고 말했다며 대통령까지 약속한 협의를 믿고 조속히 진료현장으로 돌아와 달라고 말했다또 정부는 전날 지방의 한 수련병원의 업무개시명령 현장조사 과정에서 벌어진 시위와 관련해서는 의사 표현 방식의 일환으로 보고 공무집행방해죄 적용 등을 검토하지 않겠다는 입장을 밝혔다 현재로서는 추가 현장조사도 계획하지 않고 있다 아울러 정부는 업무개시명령 위반으로 고발된 전공의들에 대해서는 곧바로 사법처리가 이뤄지는 것이 아니라 적법성 고의성 등에 대한 추가 검증이 진행될 예정이라고 전했다또 수련병원에서 전공의 근무를 파악하는 과정에서 착오가 있었던 사례가 발견된 만큼 검증 과정을 체계화할 방침이다응급실 진료 지연 안내서울연합뉴스 이지은 기자  전공의전임의 등 의료계가 의대정원 확대 공공의대 설립 등 주요 정책 철회를 촉구하며 집단휴진을 이어가는 가운데 1일 오전 서울 종로구 서울대병원 응급의료센터 앞에 진료 지연 관련 안내문이 놓여 있다 202091 jieunleeynacokr  한방첩약 시범사업공공의대 신설은 행정부 권한 벗어나정부는 또 대한전공의협의회대전협가 철회를 요구한 한방첩약 시범사업 공공의대 신설 정책에 대해서는 정부의 철회가 불가능하다는 입장을 분명히 했다  먼저 지난 1년간 진행된 한방첩약 시범사업을 철회하는 것은 위법성이 있다고 지적했다윤 방역총괄반장은 한방첩약 시범사업은 국민건강보험법에서 정한 최고 의결기구인 건강보험정책심의위원회에서 8개월 이상 논의해 결정한 사안이라며 시범사업을 철회하라는 것은 그간의 논의 경과를 무시하고 정부에 국민건강보험법을 위반하는 것을 요구하는 것이라고 말했다또 공공의대 설립은 국회에 법안이 상정된 상황으로 국회 논의에 의해 설립여부와 운영 방식이 결정된다고 선을 그었다 계류된 법률을 정부가 철회하는 것은 헌법상 삼권분립을 초월하는 행정이란 지적이다윤 방역총괄반장은 공공의대는 국회에서 법률이 제정돼야만 정책 추진이 가능하다며 정책 철회 요구는 국회의 입법권까지 관여된 사항으로 세부 사항은 국회 논의 과정에서 결정되므로 아직 정해진 것이 아무것도 없다고 설명했다그는 국회 보건복지위원회 위원장이 이미 의료계와 여야정 협의기구를 약속했고 제1야당인 미래통합당도 어제 동일한 제안을 했다며 의사들 사이에서 유포 중인 음서제 등은 모두 사실이 아니다라고 강조했다그러면서 전공의 단체가 이런 상황을 납득했다고 판단됨에도 철회 요구를 반복하는 것은 이해되지 않는다며 정부에게 권한을 넘어서거나 위법적 권한을 행사하는 것을 요청하는 것인지 의사 수 확대만을 문제 삼는 것인지 분명한 입장정리가 필요하다고 말했다전공의들은 의대 정원 확대 정책 등의 폐기를 촉구하며 지난달 21일부터 무기한 집단휴진에 돌입했고 이후 전임의들도 동참했다 전날 휴진율은 전공의 839 전임의 326였다aeranynacokr코로나19 속보는 네이버 연합뉴스구독 클릭팩트체크 코로나19가 탈모 원인제보하기,https://news.naver.com/main/ranking/read.nhn?mid=etc&sid1=111&rankingType=popular_day&oid=001&aid=0011851985&date=20200901&type=1&rankingSectionId=102&rankingSeq=4
"""교회, 사회에 씻을 수 없는 죄""…개신교 단체 사죄성명",극우 개신교 방조한 교회 책임 인정해야앵커교회발 감염이 확산되고 또 대면 예배를 강행하는 걸 두고 개신교 안에서도 자성의 목소리가 이어지고 있습니다 개신교 내 10여 개 단체가 한국 교회가 사회에 씻을 수 없는 죄를 지었다며 대면 예배를 중단하라는 성명을 냈습니다김나한 기자입니다기자김태영한국교회총연합회 공동대표 회장 지난 27일  정부 관계자들께서 교회나 사찰성당 같은 종교단체를 영업장이나 사업장 취급을 하지 않았으면 좋겠습니다개신교 회복을 위한 비상대책위원회는 교단 대표들이 청와대에서 문재인 대통령을 만났을 때 나왔던 이 발언을 두고 도를 넘었다고 지적했습니다양희삼카타콤 교회 목사  정치와 묶어서 종교를 이용하면 안 된다 우리가 거기에 휘말려들면 안 된다는 것에 다 동의하셨던 분들이고기독연구원 느헤미야를 비롯해 개신교 내 십여 개 단체가 모인 비대위가 낸 성명입니다먼저 한국 교회가 사회에 씻을 수 없는 죄를 지었다고 돌아봤습니다전광훈 목사에 대해 코로나 바이러스 2차 확산의 주범이라고 강하게 비판하면서 극우 개신교를 방조하고 묵인한 한국 교회의 책임을 부인할 수 없다고 반성했습니다비대위는 또 전광훈 목사를 이단으로 규정하고 교단에서 추방할 것을 촉구했습니다김나한 기자 kimnahanjtbccokr 영상편집 김지훈 시청자와 함께 JTBC 뉴스 제보하기 뉴스의 뒷이야기 JTBC 취재설명서Copyright by JTBChttpjtbcjoinscom All Rights Reserved 무단 전재 및 재배포 금지,https://news.naver.com/main/ranking/read.nhn?mid=etc&sid1=111&rankingType=popular_day&oid=437&aid=0000246439&date=20200901&type=2&rankingSectionId=103&rankingSeq=5
[영상] 뱀이 왜 거기서…몸에서 나온 1.2m 뱀,제공데일리메일 한 환자가 누워있습니다의료진이 환자의 입속에서 무언가를 꺼내고 있습니다기다란 게 올라옵니다정체 불명의 물체가 공개되자 의료진이 화들짝 놀라며 뒷걸음 칩니다가느다란 뱀입니다제공데일리메일현지 시간 지난달 31일 러시아 다게스탄 공화국 레바시 한 마을에서 잠자던 여성의 입으로 뱀이 들어갔다고 영국 데일리메일이 보도했습니다  보도에 따르면 당시 몸이 안 좋다고 느낀 여성은 병원으로 옮겨져 수술을 받았습니다  의료진은 전신 마취를 하고 입안으로 튜브 관을 넣었습니다  그리고 여성의 입 안에서 뱀을 꺼냈습니다  약 12미터 길이였습니다  수술을 받은 여성의 상태는 알려지지 않았습니다  마을 주민들은 뱀이 입 안으로 들어가는 일이 드물게 일어난다며 밖에서 자지 말라고 조언했습니다  한편 영국 더선은 해당 지역 병원 의사가 이런 수술이 진행됐었는 지 알 수 없다고 말했다고 보도했습니다  다게스탄 보건부는 소셜 미디어를 통해 사실을 확인하지 못했다고 말했습니다  김천 기자 kimcheonjtbccokr 시청자와 함께 JTBC 뉴스 제보하기 뉴스의 뒷이야기 JTBC 취재설명서Copyright by JTBChttpjtbcjoinscom All Rights Reserved 무단 전재 및 재배포 금지,https://news.naver.com/main/ranking/read.nhn?mid=etc&sid1=111&rankingType=popular_day&oid=437&aid=0000246506&date=20200901&type=1&rankingSectionId=104&rankingSeq=1
"[속보]日자민당, 당원 투표 배제한 채 아베 후임 선출", 파이낸셜뉴스onnewsfnnewscom 국제부헉 소리나는 스토리 뉴스 헉스 아는 척하고 싶은 당신을 위한 두유노우저작권자 ⓒ 파이낸셜뉴스 무단 전재재배포 금지,https://news.naver.com/main/ranking/read.nhn?mid=etc&sid1=111&rankingType=popular_day&oid=014&aid=0004486441&date=20200901&type=1&rankingSectionId=104&rankingSeq=4
투기꾼 쓸고간 청주 부동산의 '눈물'…집값 하락에 거래도 '뚝',617대책으로 청주 조정대상지역 지정외지인법인투자 급감수천만원씩 집값 내려가투자수요 세종시로 빠져 나간다 주장도청주시 흥덕구 복대동 일대에 조성된 지웰시티 자료 한경DB충북 청주시 부동산 시장이 급격히 냉각됐다 집값이 빠지는 건 물론 거래도 급격히 감소했다 청주시는 613대책으로 조정대상지역으로 지정되면서 규제가 강화된데다 세종시 천도론이 부각되면서 수요자들의 관심이 떨어졌다1일 한국감정원에 따르면 청주의 7월 아파트 거래량은 1562건으로 전달3967건보다 606 줄었다 방사광가속기 유치 호재로 시장 분위기가 과열됐던 지난 5월5410건과 비교하면 713848건가 감소했다 청주 시장의 과열을 이끈 요인 중 하나로 여겨졌던 외지인의 매입량도 후퇴했다 서울시와 타 시도 거주자 매입량은 지난 7월 기준으로 578건이었다 지난 5월 2048건에서 71 쪼그라들었다방사광가속기 호재와 함께 들썩였던 아파트들은 거래체결이 더뎌졌다 매수세는 급감했지만 집주인은 호가를 잘 내리지 않아서다  청주 아파트 거래 급감두 달만에 7000만원 하락지난 6월 4억5000만원까지 뛰었던  청원구 오창읍 롯데캐슬더하이스트전용 84㎡는 지난 8월4일 3억8000만원에 거래가 성사됐다 2개월여만에 7000만원이 밀려난 것이다 같은 주택형은 지난 56월에 30여건 안팎으로 매매됐지만 78월에는 거래가 12건에 불과했다지난 5월 6억원을 찍었던 흥덕구 복대동 두산위브지웰시티2차도 마찬가지다 전용 84㎡의 경우 지난 5월에 40건의 매매계약이 체결될 정도로 뜨거웠지만 지난 7월에는 3건 8월에는 1건으로 거래가 위축됐다 지난달에 매매가는 5억4800만원이었다 한달여만에 수천만원이 떨어지는 집들이 줄을 잇고 있다 집이 안 팔리면서 전세로 전환하는 매물이 늘면서 오히려 전셋값은 안정을 찾고 있다는 게 현지 공인중개사들의 얘기다한국공인중개사협회 충북지부 비상대책위원회가 충북도청 앞에서 집회를 진행하고 있다 사진연합뉴스한국감정원에 따르면 지난 24일 기준으로 충북 청주의 아파트값 매매가 변동률은 001를 기록했다 4개구 중에서 상당구와 서원구는 000로 보합이었고 흥덕구002와 청원구003 역시 보합권에 머물렀다 청주시가 앞서 내놓은 자료에서도 시장이 급격히 얼어붙는 것을 확인할 수 있다 부동산 대책이 시행된 6월19일부터 7월19일까지 한 달간 아파트 거래매매 분양권 전매량은 1975건으로 조정대상지역 지정 전 3개월35월간 월 평균 거래량에 비해 427건178 줄었다 외지인 거래가 크게 감소했다 청주시 외 거주자 거래가 885건으로 지정 전 월 평균과 비교하면 604건406 감소했다 법인 거래량은 183건493 감소한 188건 분양권 전매 거래량은 342건474 줄어든 379건에 불과했다  외지인법인거래 썰물처럼 빠져청주시는 조정대상지역으로 편입되면서 주택담보대출비율LTV이 70에서 50까지 조정됐다 양도세와 종부세 등 세제규제가 강화됐고 자금조달계획서까지 제출해야 한다 710대책으로 법인이나 임대사업자들의 투자가 위축됐다 청원구 오창읍 A 부동산 중개업소는 지난 7월 2건의 아파트 거래를 알선하는 데 그쳤다며 전화문의만 있을 뿐 실제 거래는 거의 없다고 말했다노영민 대통령 비서실장이 집을 처분하면서 유명세를 탔던 흥덕구 가경동 일대도 마찬가지다 B 부동산 중개업소 대표는 78월은 거래가 거의 없었고 매도의뢰만 있을 뿐이다라며 부동산 시장을 활성화하기 위해 청주가 조정대상지역에서 해제돼야 한다고 전했다청주시는 7∼9월 아파트 거래량과 청약 경쟁률 등을 면밀히 분석해 조정대상지역 해제를 건의한다는 계획이다다른 한편에서는 투자수요들이 세종시로 빠져나간다는 분석도 있다 복대동의 C공인중개사는 외지인 투자자들이 봤을 때에는 세종시와 대전청주는 저울질 되는 부동산이다라며 대전과 청주에 규제들이 나왔으니 어차피 규제가 있을 바에는 천도론까지 있는 세종시로 갈 것이 아니겠느냐고 반문했다김하나 한경닷컴 기자 hanahankyungcom기사제보 및 보도자료 newsinfohankyungcom 믿고 보는 기자 한경 기자 코너 네이버에서 한국경제 뉴스를 받아보세요 모바일한경 구독신청 ⓒ 한국경제  hankyungcom 무단전재 및 재배포 금지,https://news.naver.com/main/ranking/read.nhn?mid=etc&sid1=111&rankingType=popular_day&oid=015&aid=0004407875&date=20200901&type=1&rankingSectionId=101&rankingSeq=4
'마이삭'도 오는데…10호 태풍 '하이선' 주말쯤 한반도 덮친다,제9호 태풍 마이삭’이 3일 우리나라 남해안에 상륙할 것으로 예상되는 가운데 곧바로 10호 태풍 하이선’이 태평양에서 발생해 우리나라에 영향을 줄 것이라는 관측이 나왔다 제9호 태풍 마이삭이 북상 중인 31일 오후 부산 해운대구 송정어촌계 인근 도로변에 소형어선들이 피항해 있다 송봉근 기자1일 유럽중기예보센터ECMWF가 운용하는 기상예측프로그램에 따르면 제10호 태풍 하이선이 마이삭에 이어 곧바로 발생할 전망이다 이번 주말에서 다음 주 초에 한반도 쪽으로 이동할 것으로 이 프로그램은 예측했다  태풍 마이삭’ 예상 진로 그래픽신재민 기자 shinjaeminjoongangcokr풍속에 대한 피해강도 풍속에 대한 피해강도 그래픽김주원 기자 zoomjoongangcokr체코의 기상예보 앱 윈디’도 오는 3일 마이삭이 한반도를 관통한 뒤 하이선이 발생할 것으로 예상했다 하이선은 오는 6일 일본으로 북상한 후 7일 오전 동해상으로 빠져나가 같은 날 오후 소멸할 것이라는 게 윈디의 예측이다  태풍 이렇게 대비하세요 그래픽김주원 기자 zoomjoongangcokr기상청은 제10호 태풍 하이선이 한반도에 영향을 줄지 여부는 지켜봐야 한다는 입장이다  기상청은 지난달 21일 발표한 2020 가을철 전망’에서 9∼11월 중 태풍 12개가 우리나라에 영향을 미치겠다고 예상했다 기상청은 가을철 태풍은 평년108개과 비슷하게 11∼13개가 발생해 평년 수준07개인 1∼2개가 우리나라에 영향을 줄 것으로 보인다고 설명했다 이미 태풍 9개가 발생했고 지난달 제5호 태풍 장미’와 제8호 태풍 바비’가 우리나라를 지나갔다문병주 기자 moonbyungjoojoongangcokr넌 뉴스를 찾아봐 난 뉴스가 찾아와 그래서 팩트가 뭐야 궁금하면 팩플 세상 쉬운 내 돈 관리 그게머니ⓒ중앙일보httpsjoongangcokr 무단 전재 및 재배포 금지,https://news.naver.com/main/ranking/read.nhn?mid=etc&sid1=111&rankingType=popular_day&oid=025&aid=0003031073&date=20200901&type=1&rankingSectionId=103&rankingSeq=2
[속보] 정경두 “추미애 아들 휴가 행정처리 정확히 안돼”,“지휘관 구두 승인 했더라도 휴가 명령 서류상에 안 남겨져 절차상 오류”답변하는 정경두 국방부 장관  정경두 국방부 장관이 1일 오전 서울 여의도 국회에서 열린 국방위원회 전체회의에서 의원질의에 답변하고 있다 202091 연합뉴스신원식 “서씨 상사가 秋보좌관에게 휴가연장 요구 전화 받아” 주장추미애 “그런 적 없다” 부인정경두 국방부 장관은 1일 추미애 법무부 장관 아들 서모씨의 군 복무 시절 특혜 휴가 의혹과 관련 “지휘관이 구두 승인을 했더라도 휴가 명령을 내게 돼 있는데 서류상에는 그런 것들이 안 남겨 져 있다”면서 “행정 절차상 오류가 있을 수 있다”고 밝혔다정 장관은 이날 국회 국방위에서 서씨가 군의관 진단서와 지휘관 명령도 없이 19일간 병가를 갔다’는 신원식 미래통합당 의원의 지적에 “추가 행정조치를 완벽히 해놔야 했는데 일부 안 된 것으로 안다”며 이렇게 답변했다정 장관은 “절차에 따라 병가와 휴가가 진행된 것으로 파악한다 간부의 면담 일지에는 기록이 돼 있는 것으로 제가 확인했다”면서도 “지적한 대로 일부 행정처리 이런 것들을 정확하게 하지 못했다”고 말했다육군 중장 출신인 신 의원은 “19일간의 병가에 아무 근거가 없었다 국방부도 전혀 자료가 없다고 확인했다”며 국방위에 무단휴가 의혹 규명 위원회를 설치해야 한다고 제안했다신 의원은 서씨의 상사였던 권모 대위가 추 장관 보좌관으로부터 휴가 연장을 요구하는 전화를 받았다고 지난 6월 서울동부지검에서 진술했다고 주장하기도 했다이에 대해 추미애 장관은 이날 국회 예산결산특별위원회에 출석해 “그런 사실이 없다”고 부인했다  추미애 법무부 장관이 25일 오후 서울 여의도 국회에서 속개된 법제사법위원회 전체회의에서 의원들의 질의에 답변하고 있다 2020825 뉴스1강주리 기자 jurikseoulcokr 네이버에서 서울신문 구독하기 클릭  세상에 이런 일이  연예계 뒷얘기 클릭ⓒ 서울신문wwwseoulcokr 무단전재 및 재배포금지,https://news.naver.com/main/ranking/read.nhn?mid=etc&sid1=111&rankingType=popular_day&oid=081&aid=0003120358&date=20200901&type=1&rankingSectionId=100&rankingSeq=2
"“역사 만들었네!” 이방카, BTS 1위에 해시태그",이스라엘UAE 첫 직항노선 운행 소식 같이 전해방탄소년단과 이방카 레이트쇼 블룸버그도널드 트럼프 미국 대통령의 딸 이방카가 31일현지 시각 트위터에 사상 첫 이스라엘UAE 직항’ 여객기에 자신의 남편 재러드 쿠쉬너와 로버트 오브라이언 백악관 국가안보보좌관이 탑승한 영상을 올리면서 BTS’를 해시태크로 붙였다 그러면서 이방카는 트위터에 History Made역사가 만들어졌다’라고 적었다이에 미국의 중재로 걸프 아랍국으로선 최초로 이스라엘과 평화협정을 맺고 이에 따라 이뤄진 양국 최초 직항 노선 운행 소식과 함께 이날 한국 가수 최초로 빌보드 싱글 1위에 오르며 K팝의 새 역사를 쓴 BTS 소식을 다같이 축하한 것 아니냐는 말이 나왔다이방카가 역사가 만들어졌다며 올린 트위터 그는 이 영상 소개를 하면서 BTS라고 썼다실제로 이방카와 그의 자녀들은 BTS의 팬으로 알려졌다 청와대 공개 자료에 따르면 이방카는 2018년 평창동계올림픽 폐막식 참석차 방한해 문재인 대통령을 만나 BTS를 언급하며 “아이들에게 한국어를 가르쳐 문 대통령 내외 앞에서 K팝을 부르게 하겠다”고 말했다문재인 대통령 김정숙 여사 그리고 이방카 KTV이날 이방카가 트위터에 공개한 영상을 보면 그의 남편이자 트럼프 대통령의 사위인 재러드가 오브라이언 보좌관과 함께 UAE 아부다비행 이스라엘 국적기 엘알 여객기에 탑승해 밝은 모습으로 기장의 안내 방송을 듣는 장면이 나온다백악관 선임 보좌관이자 재러드는 이번 이스라엘UAE 평화협정 협상에 깊숙히 관여해 타결을 이끌어 내는데 큰 역할을 한 것으로 알려졌다 유대인 집안인 재러드는 베냐민 네타냐후 현 이스라엘 총리와 오래 전부터 돈독한 관계를 맺고 있기도 하다이방카가 쓴 BTS 바로 뒤에 열린 문’ 모양의 방탄소년단의 로고가 있어 이방카가 실제로 방탄소년단의 사상 첫 빌보드 싱글 1위를 축하할 의도였다는 관측이 있다하지만 이방카가 의미한 BTS는 방탄소년단이 아니라 Behind The Scene무대 뒤에서 또는 은밀히’를 의미하는 것이라는 해석이 우세하다 이번 평화협정을 이끌어던 두 주역인 재러드와 오브라이언이 이 협정으로 가능해진 이스라엘 텔아비브UAE아부다비 직항 여객기에 은밀히’탔다는 것이다 실제로 영어로 BTS란 표현은 후일담을 소개할 때 종종 쓰인다 또 트위터에서 BTS를 해시태그하면 자동으로 방탄소년단의 로고가 따라 붙는다고 한다이방카가 31일 올린 트위터 그의 남편 재러드 쿠쉬너와 로버트 오브라이언 백악관 국가안보보좌관이 아부다비행 이스라엘 국적기를 탄 영상이 나온다 이방카는 이 소식을 전하면서 BTS라고 썼다외교 소식통은 “하나의 해프닝이지만 이방카가 의도했든 의도하지 않았든 그가 기념하고자 한 2020년 8월 31일은 BTS 그리고 미국이스라엘UAE가 각각 새로운 역사를 만들어 낸 날”이라고 말했다노석조 stonebirdchosuncom  집 있어도 없어도 스트레스 혼돈의 부동산 유용원 군사전문기자의 밀리터리시크릿 밀톡  과학이 이렇게 재밌을수가 사이언스카페  ,https://news.naver.com/main/ranking/read.nhn?mid=etc&sid1=111&rankingType=popular_day&oid=023&aid=0003558364&date=20200901&type=1&rankingSectionId=104&rankingSeq=5
"[속보] 정 총리 “1명의 의료인도 처벌 원치 않아""…의료계 조속 결단 촉구",의사고시 1주일 연기 어떻게든 대화로 해결하겠다는 의지 ” “시간 많지 않아총파업집단휴진 하루빨리 끝내야”정세균 국무총리가 1일 정부서울청사 집무실에서 기자들과 간담회를 갖고 전공의 집단 휴진 등에 대해 발언하고 있다 연합뉴스정세균 국무총리는 1일 의료계 총파업집단휴진 사태와 관련해 “정부는 단 1명의 의료인도 처벌을 받는 일을 원하지 않는다”며 의료계를 향해 다시한번 손을 내밀었다 정 총리는 특히 “해결책과 방법론은 다 제시돼 있다고 생각하고 전공의협의회나 의료계의 결단만 남은 것 아닌가 하고 본다”면서도 “그리 시간이 많지 않다”고 조속한 의료현장 복귀를 거듭 촉구했다정 총리는 이날 정부서울청사에서 기자간담회를 통해 “더 이상 국민 피해가 없도록 하루 빨리 현재의 상황총파업집단휴진이 끝나야 된다”며 이같이 말했다 “정부가 진정성을 갖고 폭넓고 광범위하게 소통을 해 왔지만 아직 집단행동이 지속되고 있는 것에 대해서 참으로 안타깝게 생각한다”고도 했다그러면서 “이런 상황을 초래한 부분에 대해서 정부도 부족함이 있을 수 있고 의료계가 법과 제도의 테두리 안에서 의사표시를 했느냐는 국민들의 지적도 모두 옳다고 동의한다”고 말했다 이어 “정부는 오늘1일부터 시작되는 의사 국가고시를 1주일 연기하는 것으로 확정해 발표했다 다시 한 번 손을 내민 셈”이라고 강조했다정 총리는 특히 “10명의 전공의가 고발돼 있는 상태인데 정부는 단 1명의 의료인도 처벌을 받는 일을 원치 않는다 이번 사태로 희생되는 것을 절대 바라지 않는다”고 강조했다 전날 문재인 대통령과의 주례회동을 언급하며 “문 대통령이 매우 전향적이고 폭 넓게 포용하는 말씀을 주셨다”며 “전공의들은 정부의 진정성을 믿고 정부와 함께 많은 문제를 논의해서 좋은 결론이 도출 될 수 있도록 노력하자”고 호소하기도 했다다만 정 총리는 논의의 틀을 바꿀 생각이 있는지’를 묻는 질문에 “안타까운 일”이라면서도 “정책을 논의하기 위해 협의체를 만들어 의논하자고 했고 국회에서도 입법과 관련해 협의체를 만들자고 한 상태여서 해결책과 방법론은 다 나와 있다고 생각한다 전공의협의회나 의료계의 결단만 남았다”는 점을 분명히 했다특히 시간이 많지 않다 시간이 늦어질수록 그만큼 법과 제도를 벗어나는 일이 늘어나고 국민의 불편이 가중 될 것이라며 하루 빨리 이것을 끝내는 것이 옳다고 거듭 강조했다전공의들을 대표하는 대한전공의협의회대전협가 8월 30일 지난 21일부터 진행해 온 무기한 파업을 지속하기로 결정했다 대전협은 이날 전국 수련병원 전공의 대표자 긴급비상대책위원회를 열어 모든 전공의들이 대전협 비상대책위원회 지침에 따라 단체 행동을 지속하기로 결정했다 사진은 이날 오후 서울대병원 응급실의 모습 뉴시스의료계가 주장하는 의대정원 확대 원점 재검토 명문화에 대해서도 “정부가 개인의 정부가 아니고 대민 정부이기 때문에 나름대로 최소한의 지켜야 할 범주가 있다”고 선을 그었다 그러면서 정부가 인식하는 문제점에 대해서 그걸 없던 것으로 할 수는 없고 의료계도 공감하는 문제점이니 협의체를 구성해 논의해 보자는 입장”이라고 재확인했다이동현 기자 nanihankookilbocom 네이버 채널에서 한국일보를 구독하세요 정치채널X 뉴스보야쥬 넷따잡 뷰잉 영상보기 한국일보닷컴 바로가기,https://news.naver.com/main/ranking/read.nhn?mid=etc&sid1=111&rankingType=popular_day&oid=469&aid=0000531239&date=20200901&type=1&rankingSectionId=100&rankingSeq=3
"“미안하다, 내 갈길 떠난다” ‘여행에 미치다’ 조준기, 응급처치 후 병원 이송[전문]",1일 오전 서울 용산서 위중 상태로 발견 인스타에 극단 선택 암시글 올려“불필요한 피해 발생 않길” 네티즌 “나쁜 마음 먹지 말라” “경찰에 신고해야”음란 동영상 게시물을 인스타그램에 올렸다는 논란에 휩싸인 여행 정보 소개 채널 여행에 미치다’ 조준기 대표가 1일 자신의 소셜미디어에 극단적인 선택을 암시하는 글을 올린 뒤 위중한 상태로 발견됐다1일 경찰에 따르면 조 대표는 이날 오전 11시쯤 서울 용산구 모처에서 의식이 불명확한 상태로 발견됐다 그는 심폐소생술CPR 등 응급처치를 받으며 인근 병원으로 옮겨졌다 경찰 관계자는 “조준기의 지인이 신고를 해 소방 구조대와 이태원 파출소에서 출동을 했다”며 “CPR 하면서 병원으로 이송해 호흡과 맥박이 돌아왔다”고 했다조 대표는 이날 오전 10시 50분쯤 인스타그램에 “이제 더 이상 그 누구에게도 짐이 되지 않고 내 갈 길로 떠나려고 한다 끝까지 이기적일거니 차라리 미워하고 원망해주길”이라며 “정말 모두에게 너무 미안하다 나 때문에 이유 없이 고통 받고 욕 먹는 크루들 친구들 그리고 제일 사랑하는 가족들까지”라고 했다여행에 미치다 대표 조준기조 대표는 “정말 지금까지 여한 없이 불행했고 행복했으며 여러분들과 함께 하는 모든 날이 더할나위 없었던 내 인생 전부이자 진심이었다”며 “마지막으로 조준기를 가족으로 대표로 친구로 사랑하는 사람으로 대해줬던 모든 사람들에게 이리 부족한 나를 항상 보듬아주고 응원해줘서 고마웠다고 이렇게 얼굴도 못 보고 죄만 짓고 떠나 너무 가슴 아프다고”라고 적었다 그러면서 “정말 너무 미안해 모두 언젠가 길 위에서 다시 만나자”고 했다조 대표는 이런 내용의 글과 함께 부의금을 자신의 계좌로 보내달라고 썼다 그는 “추신  코로나 시국이니 장례식은 가족끼리만 해주고 지인들 부조는 남은 우리 가족들크루들 다시 잘 살아갈 수 있도록 05520104 ○○은행 조준기여행에미치다로 보내놔주면 좋겠다”라고 썼다그러면서 “사건은 사건 그 자체만으로의 과실을 따져주길 불필요한 인과들로 불필요한 피해가 발생하지 않기를 바란다”며 ”크루들이 새로이 시작해 나갈 때 부디 많은 도움과 응원도 부탁드린다 잘못은 내가 혼자 한건데 나머지 19명까지 같이 싸잡아 욕 할 필요 없잖아요 얼마나 능력 있고 성실하며 나보단 그 얼마나 떳떳하게 살아가는 사람들인데 괜히 나 때문에 이들 또한 피해 본 사람들인 걸요”라고 했다이에 네티즌들은 “살면서 실수할 수도 있는데 나쁜 마음 먹지 말라” “경찰에 신고해야 하는 것 아니냐”는 등 댓글을 달았다조 대표 “내가 영상 올린 당사자”→ 2차 사과문선 “업로드를 진행한 담당자”앞서 최근 120만 인스타그램 팔로워를 보유한 여행에 미치다의 공식 소셜미디어에 영상 음란물을 올라와 논란을 빚은 바 있다 지난달 29일 이 회사 인스타그램 공식계정에는 강원도 평창 양떼 목장’을 소개하는 게시물이 여러 사진동영상과 함께 올라왔다 이 가운데 문제가 된 음란물로 추정되는 동영상이 포함됐다 네티즌들은 “음란물 아니냐” “불법 촬영된 영상으로 보인다”라고 했다해당 게시물은 곧바로 삭제됐고 1차 사과문이 올라왔다 여행에 미치다 측은 “일말의 변명 없이 관리자로서 신중히 신경쓰지 못해 게시물을 보신 많은 분뿐만 아니라 게시물을 제공해주신 분께도 피해를 끼치게 됐다”며 “불쾌한 영상과 미숙한 운영 및 조치로 실망하셨을 분들에게 다시 한번 머리 숙여 사과드린다”고 했다조 대표는 이 사과문에 직접 댓글을 달았다 그는 “심려를 끼쳐 죄송하다 금일 양떼 목장 게시물을 직접 업로드한 당사자다”라며 “해당 영상의 경우 트위터에서 다운로드한 영상이다 직접 촬영한 형태가 아니다”라고 했다 이어 “영상에 포함된 인물 모두 동성同性입니다 영상을 불법 다운로드한 부분에 있어서는 적절한 처벌을 받도록 하겠다”라며 “해당 사안으로 피해를 끼치게 된 회사에 큰 책임을 느끼는 바 금일부로 대표직을 내려놓도록 하겠다”라고 했다그러나 30일 사과문이 재차 올라왔고 1차 사과문은 비공개 처리됐다 여행에 미치다는 2차 사과문에선 “콘텐츠 업로드 중 부주의로 인해 이번과 같은 상황이 발생했다 관련 사항은 보다 정확한 판단을 위해 사법기관에 의뢰할 예정”이라면서 “어떠한 변명의 여지 없이 해당 영상을 직접 촬영하지 않았더라도 단순 소지 자체만으로도 문제이며 법적으로 처벌을 논해야 하는 상황이다 이에 내부적으로 이번 문제의 심각성을 인지하고 업로드를 진행한 담당자와 함께 사법기관에 정식으로 사건 접수를 진행하겠다”라고 했다문제의 영상을 대표 조준기씨가 직접 업로드했다’는 1차 사과문과 댓글과는 달리 2차 사과문에서는 업로드를 진행한 담당자’로 표현이 바뀌었다 또 대표직에서 사퇴하겠다’라고 밝힌 내용은 아예 사라졌다 여행에 미치다 측은 두 번째 올린 사과문에서 “본 팀은 해당 문제의 심각성을 인정하며 사법기관에 의뢰한 진행 상황과 결과에 대해 책임있게 공유드리겠다”며 “기업 법정 의무교육 외에 추가적으로 전직원 대상 성윤리 관련 교육을 진행하겠다”라고 했다소셜미디어와 온라인 커뮤니티에선 여행에 미치다에 올라온 영상이 불법 촬영 동영상으로 의심된다며 관계 당국에 신고한 내역을 공개하는 네티즌들의 인증이 이어졌다 서울 강남경찰서는 이번 사건과 관련해 “여행에 미치다’ 인스타그램에 성관계 영상이 올라온 사건을 언론 보도를 통해 인지한 뒤 내사에 착수했다”고 밝혔다여행에 미치다는 2014년 조 대표가 여행 정보를 페이스북 페이지에 게재하는 것으로 시작해 현재 인스타그램과 유튜브 등 각종 플랫폼에서 도합 수백만 구독자를 거느린 여행 전문 회사다 페이스북 페이지는 202만명이 구독 중이며 인스타그램은 120만명 유튜브는 40만명의 구독자가 있다다음은 조준기 대표가 인스타그램에 올린 글 전문정말 모두에게 너무 미안하다ㅡㅡ 나 때문에 이유 없이 고통 받고 욕 먹는 크루들 친구들 그리고 제일 사랑하는 가족들까지이제 더 이상 그 누구에게도 짐이 되지 않고 내 갈 길로 떠나려고 함ㅡㅡ 끝까지 이기적일거니 차라리 미워하고 원망해주길정말 지금까지 여한 없이 불행했고 행복했으며 여러분들과 함께 하는 모든 날이 더할나위 없었던 내 인생 전부이자 진심이었다마지막으로 조준기를 가족으로 대표로 친구로 사랑하는 사람으로 대해줬던 모든 사람들에게 이리 부족한 나를 항상 보듬아주고 응원해줘서 고마웠다고 이렇게 얼굴도 못 보고 죄만 짓고 떠나 너무 가슴 아프다고정말 너무 미안해 모두 언젠가 길 위에서 다시 만나자추신  코로나 시국이니 장례식은 가족끼리만 해주고 지인들 부조는 남은 우리 가족들크루들 다시 잘 살아갈 수 있도록 05520104XXXXXX ○○은행 조준기여행에미치다로 보내놔주면 좋겠음ㅡㅡ사건은 사건 그 자체만으로의 과실을 따져주길 불필요한 인과들로 불필요한 피해가 발생하지 않기를 바랍니다크루들이 새로이 시작해 나갈 때 부디 많은 도움과 응원도 부탁드립니다 잘못은 내가 혼자 한건데 나머지 19명 까지 같이 싸잡아 욕 할 필요 없잖아요 얼마나 능력 있고 성실하며 나보단 그얼마나 떳떳하게 살아가는 사람들인데 괜히 나 때문에 이들 또한 피해 본 사람들인걸요김명진 cccvchosuncom  집 있어도 없어도 스트레스 혼돈의 부동산 유용원 군사전문기자의 밀리터리시크릿 밀톡  과학이 이렇게 재밌을수가 사이언스카페  ,https://news.naver.com/main/ranking/read.nhn?mid=etc&sid1=111&rankingType=popular_day&oid=023&aid=0003558377&date=20200901&type=1&rankingSectionId=103&rankingSeq=1
"탈북여성 성폭행한 軍상사, 도움청했더니 또 덮친 중령",군 검찰 간부 2명 기소  서울 용산구 국방부 별관 뉴스1국방부 검찰단이 지난달 31일 국군정보사령부 소속군인 2명을 탈북여성에 대한 성폭행 등의 혐의로 기소했다군 검찰은 이날 정보사령부 A중령에 대해 피감독자간음 및 강요의 혐의로 정보사령부 B상사에 대해 상습피감독자간음준강간강간 등의 혐의로 기소했다며 지난 2018년 5월부터 2019년 2월까지 공작활동 대상자로 업무상 보호 또는 감독을 받는 피해자북한이탈주민를 위력으로 간음한 혐의라고 1일 밝혔다  탈북여성 C씨는 3년 전 탈북해 한국에 들어온 뒤 신변 보호를 담당하던 경찰관으로부터 A중령과 B상사를 소개받았다 이들은 C씨에게 북한에 있는 동생을 통해 북한관련 정보를 가져오도록 요구해왔다 C씨는 이 과정에서 B상사에게 성폭행을 당했고 그의 상관인 A중령에게도 도움을 청했지만 오히려 성폭행을 당했다고 주장했다  C씨는 지난해 두 사람을 군 검찰에 고소했고 국방부는 그해 11월부터 두 사람을 직무에서 배제했다  고석현 기자 kosukhyunjoongangcokr넌 뉴스를 찾아봐 난 뉴스가 찾아와 그래서 팩트가 뭐야 궁금하면 팩플 세상 쉬운 내 돈 관리 그게머니ⓒ중앙일보httpsjoongangcokr 무단 전재 및 재배포 금지,https://news.naver.com/main/ranking/read.nhn?mid=etc&sid1=111&rankingType=popular_day&oid=025&aid=0003031113&date=20200901&type=1&rankingSectionId=100&rankingSeq=5
“하루 급여 47만원 드려요!”…그래도 품귀 ‘배달 라이더의 실상’ [IT선빵!],라이더 연 수익 1억시대 본격화 고액수익에도 라이더 품귀현상사회적 인식 교통사고 우려로 꺼려 배달지연 속출고객불편 커져헤럴드경제채상우 기자 “하루 급여 47만원까지 드려요”배달 라이더도 억대 연봉 시대다 코로나19로 배달이 급증하면서 라이더의 몸값이 천정부지로 치솟고 있다 그럼에도 라이더가 턱없이 부족한 실정이다 라이더 부족으로 배달 시간이 길어져 고객들의 불편이 잇따른다라이더 억대 연봉 시대“대기업 부럽지 않아요”쿠팡이츠에 따르면 지난달 30일 강남구에서 활동한 쿠팡이츠 라이더의 경우 최고 일 급여 47만 1100원을 받았다 주 5일 일한다고 가정할 경우 연 1억1200만원을 버는 셈이다 이 라이더는 이날 57건의 배달을 했다 건당 평균 배달비는 8200원이다해당 라이더만 수익이 유독 높은 것이 아니다 이날 강남 서초 송파 지역에서 활동한 쿠팡이츠 라이더들은 많게는 31만46만원의 수익을 거뒀다쿠팡이츠의 배달비는 기본요금 없이 주문량시간거리 등을 고려해 탄력요금제를 적용하고 있다 업계에 따르면 최소 5000원에서 장마철인 최근에는 평균 약 1만7000원을 지급하고 있다 많게는 건당 2만원대가 넘는 배달비를 지급하는 것으로 알려졌다경쟁사인 배달의민족 요기요 등도 쿠팡이츠 견제를 위해 배달비를 인상하면서 라이더 수익은 더욱 높아질 전망이다배달의민족 라이더의 경우 지난해 평균 약 4800만원을 벌었다 상위 10 라이더의 경우 7500만원을 벌었다 경쟁사인 요기요 및 배달대행사 소속 라이더들도 배달의민족과 비슷한 수준인 것으로 알려졌다배달의민족 배달라이더 우아한형제들 제공라이더 품귀현상“배달 지연에 고객은 너무 불편해요”그럼에도 배달업계는 라이더를 구하기 쉽지 않은 상황이다 라이더를 낮게 취급하는 사회적 인식과 교통사고 위험을 감수해야 하는 리스크 때문에 지원자가 많지 않다는 게 업계 관계자의 설명이다더욱이 사회적 거리두기 25단계에 따라 배달 수요가 급증하는 가운데 라이더 수급이 제대로 되지 않아 업체들마다 골머리를 앓고 있다 사회적 거리두기 3단계 가능성이 제기되고 있고 태풍까지 예고돼 있다배달 수요는 많이 늘어나고 있지만 정작 배달을 해야 할 라이더들은 턱없이 부족한 실정이다업계 관계는 “라이더가 부족해 배달 시간도 길어질 수밖에 없는 상황”이라고 말했다배달업계에 따르면 배달지연율은 갈수록 증가하는 추세다 배달지연율이란 전체 배달 중 배달시간이 40분을 초과하는 비율이다123heraldcorpcom엄마들이 꼽은 NO1 화상영어무료체험헤럴드경제 네이버 채널 구독 농수축산물 소비캠페인  Copyrights ⓒ 헤럴드경제  heraldbizcom 무단 전재 및 재배포 금지 ,https://news.naver.com/main/ranking/read.nhn?mid=etc&sid1=111&rankingType=popular_day&oid=016&aid=0001719122&date=20200901&type=1&rankingSectionId=105&rankingSeq=1
"카카오게임즈 청약 높은 문턱에 개미투자자는 ""돈 넣어봐야…""",수천만 원 넣어도 1∼2주 배정 가능성일반투자자 상대적 박탈감카카오게임즈 일반 청약 안내서울연합뉴스 지난달 31일 서울 여의도 한국투자증권 영업점에서 개인투자자들이 카카오게임즈 공모주 청약 상담을 위해 대기하고 있다 2020831 한국투자증권 제공 재판매 및 DB 금지 photoynacokr서울연합뉴스 이지헌 곽민서 기자  1일부터 시작된 카카오게임즈 일반 공모주 청약에 관심이 집중되고 있지만 상당수 일반 투자자들은 상대적 소외감을 느끼는 분위기다청약 경쟁률이 사상 최고치를 경신할 것으로 예상되는 상황에서 영끌영혼까지 끌어모아 돈을 마련했다는 뜻을 한다고 해도 신주 받기가 쉽지 않은 탓이다직장인 김 모40 씨는 카카오게임즈 청약을 앞두고 얼마 전부터 증권사 계좌로 여유 자금을 모아왔다마이너스통장도 개설해 청약 당일 총 1억원가량의 자금을 동원할 계획이었다그러나 1억원을 청약증거금으로 넣는다고 해도 신주를 2주주당 2만4천원밖에 받지 못할 가능성이 있다는 얘길 듣고는 청약 포기를 고민 중이다김씨는 고작 2주를 받는다면 청약을 해도 마음만 상할 것 같다며 청약을 포기하고 차라리 다른 종목을 찾아볼까 한다고 말했다상장 첫날 따상공모가 2배 가격 시초가 후 상한가을 한다 해도 손에 쥐는 수익금은 그리 크지 않을 것으로 예상되기 때문이다실제로 금융투자업계 안팎에선 카카오게임즈가 일반 투자자 대상 청약에서 사상 최고 경쟁률을 경신할 것으로 내다본다 이 경우 1억원의 증거금을 넣어도 배정 물량은 2주가량에 그칠 것으로 예상된다특히 중장년층보다 상대적으로 총알이 부족한 20∼30대에게 인기 공모주 청약은 수억원대 유동자금을 가진 부유층만이 할 수 있는 남의 일이다30대 직장인 서 모 씨는 목돈이 없다 보니 아예 청약을 넣어볼 생각도 못 해봤다 공모주 청약 투자는 남의 이야기인 것 같다고 말했다30대 송 모 씨는 주위에서 SK바이오팜 청약으로 원금을 불리는 데 성공했다는 얘기를 듣고 나도 한번 넣어볼까 했는데 수천만 원을 넣어도 12주 정도밖에 못 받는다는 소식에 박탈감이 느껴진다면서 마땅한 재테크 수단도 없는데 나만 뒤처지는 것 같아 두렵다고 말했다SK바이오팜에 이어 카카오게임즈 역시 기업공개IPO에 따른 수익이 기관 투자자와 고액 자산가에게만 돌아갈 것으로 예상되면서 일반 투자자의 상대적 박탈감은 더 커지고 있는 셈이다금융당국도 이런 IPO 시장의 문제점을 인지하고 다수의 개인 투자자들에게 기회가 골고루 돌아가도록 하는 방향으로 제도 개선을 모색 중이다한편 이날 오전 카카오게임즈의 개별 증권사 기준 경쟁률은 이미 SK바이오팜의 첫날 청약 경쟁률을 넘어 200대 1을 돌파했다 청약 증거금은 벌써 2조원 가까이 모인 것으로 파악됐다상장 공동 대표주관회사인 삼성증권엔 오전부터 청약이 대거 몰리면서 청약 서비스가 일시 중단되기도 했다panynacokr코로나19 속보는 네이버 연합뉴스구독 클릭팩트체크 코로나19가 탈모 원인제보하기,https://news.naver.com/main/ranking/read.nhn?mid=etc&sid1=111&rankingType=popular_day&oid=001&aid=0011851460&date=20200901&type=1&rankingSectionId=101&rankingSeq=5
"중국계 호주인 CCTV 유명 女앵커, 중국에 보름간 구금돼 발칵",  중국 관영 CCTV 영어방송 채널 CGTN 앵커 청 레이49 사진 트위터 캡처중국계 호주인으로 중국 관영 CCTV 영어방송 채널 CGTN 유명 앵커인 청 레이49가 중국 정부에 의해 구금됐다  AP통신과 영국 가디언 등에 따르면 마리스 페인 호주 외무장관은 지난달 31일현지시간 성명을 내 이달 14일 중국 정부로부터 청이 구금돼 있다는 통지를 받았으며 같은 달 27일 당국자들이 구금 시설에 있는 청을 화상으로 면담했다고 밝혔다다만 청이 구금된 이유는 밝히지 않았다 페인 장관은 “정부의 비밀 유지 의무로 인해 추가적인 설명은 할 수 없다”고 일축했다 또 청과 가족들에 대한 지원을 계속할 것이라고 덧붙였다  마리스 페인 호주 외무장관 로이터통신연합뉴스ABC뉴스는 청이 기소된 것은 아니며 특정 장소에서 자택 감금된 상태라고 보도했다 중국에서는 공식 체포 전이라도 용의자를 변호사 접견 없이 최대 6개월간 구금하고 심문할 수 있다는 것이다청의 가족들은 ABC뉴스를 통해 성명을 내 “우리는 호주 외교통상부DFAT 조언에 따라 청 레이가 처해있는 상황을 잘 알고 있다”며 “중국에서 적법한 절차가 진행되는지 지켜볼 것이며 만족스러운 결론이 적절한 시기에 내려지길 바란다”고 밝혔다중국에서 태어난 뒤 호주 시민권을 획득한 청은 1990년 상하이대를 졸업 2001년 중국에서 애널리스트로 근무하다 2002년 CGTN의 전신인 CCTV뉴스에 합류했다 2003년부터는 중국싱가포르 금융 채널인 CNBC 중국 특파원으로 9년간 일했다 2012년 CGTN에 합류했다청의 트위터는 지난달 12일 게시물을 마지막으로 새로운 글이 올라오고 있지 않다 CGTN 홈페이지에선 그의 프로필이나 영상이 삭제된 상태다중국은 같은 날 호주산 와인의 정부 보조금 의혹에 대한 조사 돌입을 발표하기도 했다 중국은 호주가 신종 코로나바이러스 감염증코로나19 발원지에 대한 국제 조사를 호소한 뒤부터 호주산 보리와 소고기에 대한 덤핑 의혹을 제기하고 추가관세를 부과하는 등 무역 보복 조치를 단행해 왔다호주는 이에 중국의 남중국해 영유권 주장을 공식적으로 반박하고 홍콩보안법 사태에서 홍콩에 대한 지지를 공식적으로 밝히며 맞서왔다중국은 지난 3월 중국계 호주 작가 양헝쥔楊恒均53 호주명 준 양을 간첩 혐의로 기소하기도 했다 6월에는 2013년 마약을 밀수하다 붙잡힌 호주인 캠 길레스피에 사형을 선고했다  이병준 기자 leebyungjun1joongangcokr넌 뉴스를 찾아봐 난 뉴스가 찾아와 그래서 팩트가 뭐야 궁금하면 팩플 세상 쉬운 내 돈 관리 그게머니ⓒ중앙일보httpsjoongangcokr 무단 전재 및 재배포 금지,https://news.naver.com/main/ranking/read.nhn?mid=etc&sid1=111&rankingType=popular_day&oid=025&aid=0003031015&date=20200901&type=1&rankingSectionId=104&rankingSeq=2
극단선택 암시한 '여행에 미치다' 대표 응급처치…병원 이송,조준기 대표 극단 선택 암시글인스타그램 캡처 재판매 및 DB 금지서울연합뉴스 임성호 기자  공식 SNS 계정에 불법 성적 촬영물을 올렸다는 논란이 불거진 유명 여행정보 소개 채널 여행에 미치다의 조준기 대표가 극단적인 선택을 암시하는 글을 올린 직후 위중한 상태로 발견돼 응급처치를 받고 있다1일 경찰에 따르면 조 대표는 이날 오전 11시를 조금 넘긴 시각 서울 용산구 모처에서 의식이 불명확한 상태로 발견됐다 그는 심폐소생술CPR 등 응급처치를 받으며 병원으로 이송됐다 현재 호흡과 맥박은 돌아온 것으로 전해졌다앞서 조 대표는 이날 오전 10시 50분께 개인 인스타그램에 이제 더는 그 누구에게도 짐이 되지 않고 내 갈 길로 떠나려고 한다 코로나 시국이니 장례식은 가족끼리만 해 달라며 극단 선택을 암시하는 글을 올렸다shynacokr코로나19 속보는 네이버 연합뉴스구독 클릭팩트체크 코로나19가 탈모 원인제보하기,https://news.naver.com/main/ranking/read.nhn?mid=etc&sid1=111&rankingType=popular_day&oid=001&aid=0011851852&date=20200901&type=1&rankingSectionId=102&rankingSeq=5
매매거래 반토막 난 ‘노·도·강’ ···'패닉 바잉' 진원지서 무슨 일이?,이달 들어 서울 외곽지역도 거래 뚝거래 절벽 속 신고가는 여전히 나와일부 단지는 8월 거래 모두 최고가서울경제  1988년 입주한 서울 노원구 상계동 상계주공 16단지’는 지난 6월 44건의 매매거래가 이뤄졌다 그런데 8월 들어서는 현재까지 단 3건만 팔리며 거래 절벽이 현실화되는 분위기이다 눈길을 끄는 것은 3건의 거래가 모두 신고가라는 점이다 지난달 19일 전용 4577㎡가 4억원에 거래되며 전 고가인 3억6800만원을 뛰어넘었다 전용 5939㎡도 4일 전 고가보다 1100만원 뛴 5억1000만원에 매매되며 신고가를 갈아치웠다 1988년 입주한 도봉구 쌍문동 삼익세라믹’도 6월 39건이 매매됐지만 8월에는 단 10건이 거래됐다 이달 계약이 체결된 10건 중 5건이 신고가였다규제 풍선효과로 거래량이 급증하며 가격이 상승한 노도강노원도봉강북구’ 등 서울 외곽 지역 단지가 8월 들어 거래 절벽’을 맞고 있다 취득세 인상 전세 대출 규제 강화 등 갭 투자 수요를 차단하는 대책이 잇달아 나오면서 거래가 확 줄어든 것이다 하지만 이 같은 거래 절벽과는 별개로 신고가 거래가 꾸준히 체결되면서 상승세가 이어지고 있는 분위기다 1일 현지 중개업소에 따르면 다주택자에 대한 세금을 대폭 강화한 710대책 이후 갭 투자자들의 매수 문의가 크게 줄었다 도봉구 방학동 신동아 1단지도 그중 하나다 6월 70건 7월에는 36건이 거래되던 이 단지는 8월 들어 7건으로 대폭 줄었다 인근 P공인 관계자는 “매물이 부족하기보다 취득세 인상으로 갭 투자 수요가 줄면서 거래가 많이 줄었다”고 분위기를 전했다 67월 거래가 급증하며 호가가 큰 폭으로 뛴 것도 거래 절벽의 원인이라고 덧붙였다 노원구 상계동 H공인 관계자도 “부동산 대책으로 갭 투자가 힘들어졌을 뿐 아니라 매수인 입장에서는 호가가 많이 올라 거래가 예전만큼 활발하지 않다”고 말했다 거래량 자체는 줄었지만 신고가 거래는 꾸준히 나오며 상승세가 계속되고 있다 노원구 하계동 벽산’ 아파트는 6월만 해도 15건의 거래가 이뤄졌지만 8월 들어서는 단 1건의 매매거래만 체결됐다 하지만 이 1건은 전 고가를 3500만원 뛰어넘은 신고가 거래였다 전용 5771㎡가 5억5000만원에 거래된 것이다 도봉구 방학동의 대상타운현대’ 아파트도 10건 이상 손바뀜이 일어난 67월과 대조적으로 8월에는 단 5건의 매매가 이뤄지는 데 그쳤는데 이 5건 중 무려 3건이 신고가 거래였다  전문가들은 거래량과는 별개로 서울 외곽 중저가 단지의 가격 상승세는 꾸준히 이어질 것으로 보고 있다 양지윤기자 yangsedailycom서울경제 바로가기 산업이슈 알기쉽게 양철민의 인더스트리 네이버 채널에서 서울경제 구독해주세요저작권자 ⓒ 서울경제 무단 전재 및 재배포 금지,https://news.naver.com/main/ranking/read.nhn?mid=etc&sid1=111&rankingType=popular_day&oid=011&aid=0003791165&date=20200901&type=1&rankingSectionId=101&rankingSeq=3
"[잇츠머니] 버리던 영수증, 챙기면 ‘돈’ 됩니다",디지털은 우리 손안의 스마트폰과 밖에 펼쳐진 세상을 이어주는 연결고리 역할을 수행하고 있다 과거 철가방으로 통용됐던 음식 배달은 배달의민족과 같은 배달서비스 앱으로 소비자와 만나고 있다 차도까지 나가 두손을 흔들어야만 잡을 수 있었던 택시는 스마트폰에서 카카오택시와 같은 앱을 통해 간편하게 호출할 수 있게 됐다 그리고 이제 금융까지 스마트폰이 야기한 전환기에 처해 있다 오픈뱅킹 블록체인 그리고 다채로운 페이까지 간편함과 혜택으로 무장한 새로운 금융 서비스들이 속속 등장하고 있다 잇츠머니 기획을 통해 스마트폰으로 소비자들과 만나는 새로운 금융 서비스들을 함께 살펴보도록 하자 편집자 주 카드 결제가 증가하면서 영수증은 애물단지로 전락했다 인터넷으로 거래내역을 확인할 수 있기 때문이다 구태여 영수증을 보관할 필요가 없게 됐다 특히 음식점처럼 교환이나 환불 가능성이 없는 곳이라면 더더욱 그렇다 영수증을 주머니에 구겨 넣는 것도 성가신 일이다 그래서 고객은 말한다 “영수증은 버려주세요”그런데 최근 영수증의 위상이 달라졌다 영수증을 찍어 인증하면 포인트를 모을 수 있어서다 큰돈은 아니지만 딱히 돈 벌 방법이 없는 젊은 세대에게는 큰 힘이 된다 쌓이면 생활비를 아끼는데도 소소하게 보탤 수 있다 영수증을 어떻게 활용할 수 있을까 챙기면 돈이 되는 영수증 재테크에 대해 살펴본다네이버 MY플레이스네이버는 사용자가 MY플레이스에 영수증 인증을 할 때마다 포인트를 지급하고 있다 특정 상점에 처음 방문한 경우에는 50포인트 두 번째 방문부터는 10포인트를 제공한다 사용자는 하루 최대 5회까지 영수증 인증 포인트를 받을 수 있다 전자영수증이나 며칠 지난 영수증을 올려도 괜찮다 다만 동일 상점을 리뷰할 경우에는 영수증 제출일 기준 1일 1회만 포인트가 적립된다 영수증 인증은 식당 카페를 비롯해 약국 미용실 학원 등 네이버 지도에 등록된 모든 오프라인 상점에서 가능하다네이버 MY플레이스는 모바일 환경에 최적화돼있다 영수증 인증을 할 때는 영수증 사진을 첨부해야 해서 네이버 앱을 이용하는 게 편리하다 처음 접속한 사람은 간단한 사용자 동의 절차를 거친 후 서비스를 이용할 수 있다영수증 인증을 하는 방법은 간단하다 영수증 인증 버튼을 클릭한 다음 영수증을 찍어 올리면 된다 영수증에 담긴 내용은 인공지능AI이 자동으로 인식해준다 사용자는 AI가 인식한 내용이 맞는지 확인한 후 방문 인증 완료’ 버튼을 클릭해 리뷰를 작성하면 된다 영수증 인증 보상은 방문 인증을 완료하는 시점에 즉시 지급된다네이버 MY플레이스에서 1달 동안 열심히 인증하면 보통 2000원에서 5000원 정도 모을 수 있다 이론적으로는 7750원까지 적립 가능하지만 여러 차례 방문하는 매장도 많기 때문에 현실적으로 쉽지 않다 지난달에 신규 참여자를 대상으로 한 500포인트 추가 적립 이벤트가 종료된 것도 아쉬운 부분이다 그래도 장점은 있다 네이버페이 포인트로 지급돼 적은 금액도 바로 쓸 수 있다는 점이다 쇼핑할 때 몇백 원이라도 아낄 수 있다 200포인트를 모아 호랑이형님 같은 웹툰의 다음 내용을 미리 봐도 괜찮을 것이다MY플레이스 서비스를 자주 쓰는 사용자라면 네이버 앱 바로가기에 추가해 간편하게 이용할 수 있다 MY플레이스 페이지에 들어간 후 네이버 앱 우측 하단 더보기탭의 메인에 추가’ 버튼을 누르면 된다 사용자는 오픈메인에 추가’ 또는 그린닷 바로가기에 추가’ 중에 선택할 수 있다캐시카우캐시카우는 영수증을 사진으로 찍어 인증하면 포인트를 주는 앱이다 마트나 편의점을 자주 이용하는 사람에게 유용한 서비스로 꼽힌다 캐시카우에서 추천한 상품을 구매하고 인증하면 추가 적립을 받을 수 있어서다 이마트에서 나뚜루 파인트 아이스크림을 구매해 인증하면 500포인트를 받는 식이다 꼭 추천 상품을 구매해야 하는 것은 아니다 영수증으로 방문 인증만 해도 3050 포인트를 받을 수 있다 한 달 동안 열심히 이용하면 1만 포인트 이상 쌓여 쏠쏠하다영수증 인증은 캐시카우에서 지정한 매장에서만 가능하다 현재는 대형마트 편의점 카페 패스트푸드 화장품 등의 업종 매장이 지정돼 있다 하지만 다음 달부터는 영수증 인증 매장이 대폭 변경될 예정이다 캐시카우 관계자는 “카페제과 패스트푸드 등 일부 오프라인 업종의 서비스를 종료하고 언택트 시대에 발맞춰 온라인 쇼핑몰 구매내역도 등록할 수 있도록 하는 방안을 검토하고 있다”고 밝혔다 코로나19로 인한 사용자의 소비 패턴 변화에 대응한다는 취지다5000포인트 이상 쌓이면 본인 명의 통장으로 캐시아웃환급할 수 있다 캐시아웃 신청을 하면 이체 수수료 500원을 공제한 금액이 본인 계좌로 입금된다 적립한 포인트는 세이브더칠드런 홀트아동복지회 등의 단체에 기부하는데 사용할 수도 있다 비영리단체에 기부하기 위해서는 1000포인트 이상을 모아야 한다사용 방법은 약간 복잡하다 먼저 캐시카우 앱 카테고리 탭에 들어가 자주 방문하는 매장과 추가 적립 상품을 찾아 혜택 담기 목록에 추가해야 한다 영수증 인증을 할 때도 앱에 들어가 등록 버튼을 누른 후 리스트에서 방문한 매장을 찾아 구매일을 선택하는 등의 절차가 필요하다 캐시카우는 이 같은 번거로움을 개선할 뜻을 내비쳤다 캐시카우에 따르면 다음 달 중으로 영수증 등록 버튼만 클릭해도 모든 영수증을 등록할 수 있도록 할 예정이다한편 캐시카우는 환급 지연으로 논란을 빚기도 했다 환급 신청자가 공지된 기한에 입금을 받지 못해서다 캐시카우 관계자는 “캐시아웃 기준 금액을 2만원에서 5천원으로 변경하면서 사용자의 캐시아웃 신청이 급증해 지급 기한 내에 처리할 수 없는 상황이 발생했고 회사도 코로나19사태로 재택근무를 시행함에 따라 업무 처리가 많이 늦어졌다”며 “현재는 모두 지급 처리가 완료됐다”고 밝혔다영수증을 인증하면 포인트를 주는 이유는네이버는 영수증 리뷰로 콘텐츠의 신뢰성을 높이고자 한다 요즘 유튜버와 블로거의 뒷광고’가 논란이다 업체로부터 광고비 등의 대가를 받았음에도 시청자에게 광고라는 사실을 숨긴 채 상품을 소개한 것이다 이런 가짜 리뷰는 소비자에게 거부감을 주지만 소비자가 진짜 리뷰와 가짜 리뷰를 구분하기는 쉽지 않다 그런데 영수증은 그 자체로 고객이 가게를 방문한 사실을 입증해 준다 영수증 리뷰는 실제 방문자의 진짜 리뷰인 셈이다 이에 네이버는 MY플레이스에 영수증 리뷰’ 카테고리를 별도로 추가함으로써 사용자가 직접 체험한 후기만 따로 볼 수 있도록 했다사용자의 구매내역을 취합해 데이터를 가공하기도 한다 네이버는 영수증 리뷰와 마이데이터를 연결하는 방안을 제시했다 마이데이터는 개인의 동의 하에 본인의 데이터를 개방해 플랫폼에서 활용하도록 하는 것이다 서래호 네이버파이낸셜 책임리더는 6월 열린 금융분야 마이데이터 포럼 발표에서 “마이데이터의 결제 내역은 네이버 영수증 리뷰와 연결되고 사용자가 남긴 가게 별점과 평가는 다른 이용자에게 좋은 정보가 될 수 있다”며 가게는 새 고객을 확보할 수 있게 되고 개인의 금융 정보는 마이데이터를 통해 세상의 정보가 되는 새로운 경험을 할 것이라고 말했다캐시카우는 사용자가 인증한 영수증을 모아 구매 데이터를 분석하고 있다 이렇게 얻은 정보는 기업의 마케팅 활동을 돕는데 활용된다 기업은 사용자의 실제 구매내역에 기반해 상품 구입 가능성이 높은 소비자를 대상으로 마케팅 활동을 진행할 수 있다또 캐시카우는 앱 안에서 제휴사 상품의 구매를 촉진하고 있다 영수증을 인증하기 위해 앱에 접속한 사용자를 대상으로 프로모션을 진행하는 것이다 캐시카우 관계자는 “제휴 브랜드 공식 온라인 몰의 회원 가입을 유도하고 특정 상품을 최저가에 구매할 수 있도록 하는 서비스를 진행하고 있다”고 말했다 사용자는 캐시카우 앱에서 제휴사 홈페이지로 이동해 물건을 구매하면 결제 금액의 525에 상당하는 캐시카우 포인트를 받을 수 있다 김도윤 디스트리트DSTREET 기자 팬데믹위기 해법 찾는다  제21회 세계지식포럼 궁금한 제조과정 영상으로 보세요 이렇게 만들죠 데일리 뉴스 브리핑 매경이 전하는 세상의 지식ⓒ 매일경제  mkcokr 무단전재 및 재배포 금지,https://news.naver.com/main/ranking/read.nhn?mid=etc&sid1=111&rankingType=popular_day&oid=009&aid=0004645723&date=20200901&type=1&rankingSectionId=105&rankingSeq=3
"'여행에 미치다' 조준기, 극단적 선택 암시→병원 이송 [전문]",여행에 미치다 조준기 유서 암시글 작성여행에 미치다 부조는 가족들에게 당부하며 계좌번호 남기기도조준기 여행의 미치다로 인플루언서→음란 동영상 유포 논란여행에 미치다 조준기 대표사진조준기 대표 인스타그램 캡처여행의 미치다 조준기 대표가 극단적인 선택을 암시하는 글을 게재했다 현재 조 대표는 병원으로 이송돼 치료를 받고 있는 것으로 알려졌다 조 대표는 1일 오전 10시 50분께 개인 인스타그램에 모두에게 미안하다며 나 때문에 이유없이 욕 먹는 크루들 친구들 그리고 제일 사랑하는 가족들까지 더 이상 그 누구에게도 짐이 되지 않고 내 갈 길로 떠나려 한다는 글을 적었다 조 대표는 여행정보 소개 전문 유튜브 채널 여행에 미치다를 운영하며 인스타그램 등 개인 SNS를 통해 인플루언서로 활동해 왔다 하지만 최근 공식 SNS 계정에 불법 성적 영상물을 올렸다가 논란을 자초했다 조 대표는 지금까지 여한없이 불행했고 행복했다며 마지막으로 조준기를 가족으로 대표로 친구로 사랑하는 사람으로 대해줬던 모든 사람들에게 이리 부족한 나를 항상 부듬아주고 응원해줘서 고마웠다고 전했다 이후 추신으로 코로나 시국이니 장례식은 가족끼리만 해주고 지인들 부조는 우리 가족들과 크루들이 다시 잘 살아갈 수 있도록 내 계좌로 보내주면 좋겠다면서 자신의 이름으로 된 계좌번호를 공개했다 현재 해당 계정은 삭제된 상태다이후 조준기 대표는 서울시 용산구 모처에서 의식이 불명확한 상태로 발견됐다 경찰에 따르면 심폐소생술CPR 등 응급처치를 받으며 병원으로 이송됐다 현재 호흡과 맥박은 돌아온 것으로 전해졌다  다음은 조준기 글 전문정말 모두에게 너무 미안하다ㅡㅡ 나 때문에 이유 없이 고통 받고 욕 먹는 크루들 친구들 그리고 제일 사랑하는 가족들까지이제 더 이상 그 누구에게도 짐이 되지 않고 내 갈 길로 떠나려고 함ㅡㅡ 끝까지 이기적일거니 차라리 미워하고 원망해주길정말 지금까지 여한 없이 불행했고 행복했으며 여러분들과 함께 하는 모든 날이 더할나위 없었던 내 인생 전부이자 진심이었다마지막으로 조준기를 가족으로 대표로 친구로 사랑하는 사람으로 대해줬던 모든 사람들에게 이리 부족한 나를 항상 보듬아주고 응원해줘서 고마웠다고 이렇게 얼굴도 못 보고 죄만 짓고 떠나 너무 가슴 아프다고정말 너무 미안해 모두 언젠가 길 위에서 다시 만나자추신  코로나 시국이니 장례식은 가족끼리만 해주고 지인들 부조는 남은 우리 가족들크루들 다시 잘 살아갈 수 있도록 05520104XXXXXX ○○은행 조준기여행에미치다로 보내놔주면 좋겠음ㅡㅡ사건은 사건 그 자체만으로의 과실을 따져주길 불필요한 인과들로 불필요한 피해가 발생하지 않기를 바랍니다크루들이 새로이 시작해 나갈 때 부디 많은 도움과 응원도 부탁드립니다 잘못은 내가 혼자 한건데 나머지 19명 까지 같이 싸잡아 욕 할 필요 없잖아요 얼마나 능력 있고 성실하며 나보단 그얼마나 떳떳하게 살아가는 사람들인데 괜히 나 때문에 이들 또한 피해 본 사람들인걸요김소연 한경닷컴 기자 sue123hankyungcom기사제보 및 보도자료 newsinfohankyungcom 믿고 보는 기자 한경 기자 코너 네이버에서 한국경제 뉴스를 받아보세요 모바일한경 구독신청 ⓒ 한국경제  hankyungcom 무단전재 및 재배포 금지,https://news.naver.com/main/ranking/read.nhn?mid=etc&sid1=111&rankingType=popular_day&oid=015&aid=0004408155&date=20200901&type=1&rankingSectionId=103&rankingSeq=3
빚 660조 물려받아 1000조 물려주는 文정부…이런 빚폭주 없었다,2년 후 국가채무 1000조원 넘어GDP대비 채무 비율도 60 육박1인당 2000만원대 빚 지고 사는 셈2년 후 국가채무가 1000조원을 넘어서고 4년 후면 국내총생산GDP 대비 국가채무 비율이 60에 육박한다 국민 한사람이 짊어져야 하는 나랏빚도 2022년 2000만원을 넘어설 전망이다정부는 이런 상황을 뻔히 예상하고도 역대 최대 규모인 556조원 규모의 내년 예산안을 1일 국무회의에서 의결했다 역대 정부가 미래 세대를 위해 어렵게 지켜 온 나랏빚 관리의 마지노선을 다 걷어내 버린 재정 중독’이다 홍남기 부총리 겸 기획재정부 장관오른쪽이 지난달 28일 정부세종청사에서 열린 사전 기자회견에서 2021년도 예산안에 대해 설명하고 있다 사진 기획재정부 제공정부는 이날 국무회의에서 올해 본예산보다 43조5000억원85 늘어난 555조8000억원 규모의 내년 예산안을 확정했다 올해 13차 추가경정예산을 더한 액수564조9000억원보다도 8조9000억원16이 더 많은 초대형 예산이다 불과 12년 전인 2009년의 두 배에 달하는 규모이기도 하다 보건‧복지‧고용 분야에 200조원을 쓰고 정부 대표 사업인 한국판 뉴딜에 21조원을 쏟아붓는다 홍남기 부총리 겸 기획재정부 장관은 “경제 회복에 대한 정부의 강한 의지를 담아 감내 가능한 범위 내에서 최대한 확장적 기조로 편성했다”고 말했다그러나 이날 정부가 예산안과 함께 확정한 20202024년 국가재정운용계획’은 재정 지출이 감내 가능한’ 수준인지를 의심케 한다 올해 839조4000억원인 국가채무는 2022년 1070조3000억원을 기록할 전망이다 2014년 500조원을 넘어선 국가채무가 불과 8년 만에 2배로 불어났다 이전 정부로부터 660조2000억원2017년의 빚을 물려받은 문재인 정부는 1000조원 이상의 빚을 다음 정부에 넘겨준다 이렇게 빠른 속도로 빚을 늘린 정부는 없었다 2024년이면 국가채무는 1327조원으로 치솟는다나랏빚 폭주는 여기서 그치지 않는다 경제 규모를 감안하면 현기증이 날 정도의 속도다 올해 435인 GDP 대비 국가채무 비율은 2024년 583로 올라서겠다고 기재부는 예상했다 앞으로 4년 후면 연간 경제 규모의 60에 육박하는 나랏빚을 지고 살아야 한다는 뜻이다이전 중장기 재정운용계획에서 GDP 대비 국가채무 비율 40대는 정부가 마지막까지 지켜내야 할 재정 마지노선 역할을 했다 그러다 지난해 5월 16일 국가재정전략회의에서 “국가채무 비율을 40 안팎으로 관리하겠다”는 홍 부총리의 발표를 두고 문재인 대통령이 “우리나라만 40가 마지노선인 근거가 뭡니까”라고 질문을 던졌다 이 반문은 재정 마지노선을 무너뜨리는 신호탄이 됐다  연도별 국가채무 그래픽김영옥 기자 yesokjoongangcokr이날 정부가 발표한 2024년 채무 비율 60 이내 목표마저도 경제 성장 속도에 맞춰 총지출 증가율과 연간 재정수지 적자를 점차 줄여간다는 낙관론에 기초한다 문재인 정부 들어 2017년 59 2018년 71 2019년 95 올해 91 내년 85정부안 기준 등 지출을 늘려 잡았다 오는 2022년 6 2023년 45 2024년 4로 지출 증가율을 점차 줄여나가야 국가채무 비율을 60 내로 묶어둘 수 있다그러나 사실상 불가능한 목표’라는 게 중론이다 경제가 살아나서 가계와 기업의 수입이 늘어야 세금 등 정부 수입도 따라 늘어난다 그러나 정부가 지출을 급하게 늘려오는 동안 한국 경제 성장 속도는 거꾸로 곤두박질쳤다 경제성장률실질 GDP 기준에 물가 상승분까지 더한 경상성장률을 기준으로 2017년 55 2018년 34 2019년 11로 역주행했다정부는 올해와 내년 경상성장률이 38 48를 각각 기록할 것이란 장밋빛’ 전망 아래 예산안과 재정운용계획을 짰다 코로나19 충격으로 한국은행마저 올해 경제성장률 예상치를 13로 내려 잡은 것과는 정반대다 한은은 올 겨울까지 코로나19 사태가 이어지면 성장률이 22까지 하락할 수 있다고도 봤다 이날 한은 발표에 따르면 올해 성장률은 1분기전기 대비 12에 이어 2분기 32로 고꾸라졌다 2008년 이후 최악의 수치다  경제성장률이 추락하고 물가까지 내려앉으면 정부 수입이 예상에 못 미쳐 빚만 더 불어날 수 있다 정부 예측보다 더 빨리 국가채무 비율 60가 허물어질 수 있다는 분석이다 기재부마저도 이 사실을 인정한다 안일환 기재부 2차관은 “올해 경상성장률이 하락해 GDP 대비 국가채무비율이 더 올라갈 가능성이 있다”고 밝혔다  연도별 예산안 그래픽김영옥 기자 yesokjoongangcokr이런 전망에도 정부가 발표한 국가재정운용계획 안엔 GDP 대비 국가채무 비율을 “50대 후반으로 관리한다”는 목표만 있을 뿐 어떻게’는 공란이나 마찬가지다 홍 부총리는 “국가채무와 재정수지 등 재정 여력이 상당 부분 약화한 측면이 있어 재정준칙을 만들어야 한다는 것에 대해 필요하다고 판단하고 있고 도입 검토를 9월 중 마무리해 발표할 예정”이라고 밝혔다 재정준칙은 국가채무나 재정수지 적자 같은 지표가 얼마 이상을 넘지 못하도록 법으로 정해두는 제도를 말한다  그러나 홍 부총리는 “코로나 위기처럼 아주 극단적으로 위기가 와서 재정이 반드시 역할을 해야 할 상황에는 예외로 인정하는 등 여러 가지 유연성을 보강해서 재정준칙을 제시할 계획”이라고 문을 열어뒀다게다가 국가채무 비율 60 도달을 이미 예고한 상황에서 뒤늦게 만들어질 재정준칙이 어떤 내용일지 제대로 효과를 낼지는 물음표다김용하 순천향대 IT금융경영학과 교수는 “올해에 이어 내년도 경기 불황이 예상돼 정부가 지출 증가율을 높게 가져가는 것은 불가피하다”면서도 “문재인 정부가 출범하고 이전 3년간 지출을 지나치게 확대하면서 재정 여력을 소멸시킨 게 근본적인 문제”라고 지적했다이어 김용하 교수는 “코로나19 확산이란 특수 상황에서 정부 말고는 나설 수 있는 경제주체가 없는 상황에서 정부의 과거 잘못된 예산 편성으로 재정 여력까지 바닥”이라며 “한정된 재원을 무너진 경제 구조를 복원시키는 데 배정해야 하는데 다음 선거를 고려해 당장 외형적인 일자리 수만 늘리는 일회성소모성 예산에 편중하며 재정을 낭비하고 있다”고 비판했다  김동원 전 고려대 경제학과 초빙교수는 “재정 건전성을 훼손해가며 추진하는 재정 주도 성장은 한계가 분명하다”며 “정부 지출이 커지면 결국 조세를 더 걷어야 하고 이미 악화한 가계 소비와 기업 투자는 더 위축되는 악순환으로 갈 수밖에 없다”고 우려했다 그는 “국가채무로 부도가 난 남미의 얘기가 남의 일이 아니다”라며 “임기 내에 단기 성과를 올리는 데만 치중하는 재정의 정치화’에서 빠져나와야 한다”고 강조했다세종조현숙임성빈 기자 newearjoongangcokr넌 뉴스를 찾아봐 난 뉴스가 찾아와 그래서 팩트가 뭐야 궁금하면 팩플 세상 쉬운 내 돈 관리 그게머니ⓒ중앙일보httpsjoongangcokr 무단 전재 및 재배포 금지,https://news.naver.com/main/ranking/read.nhn?mid=etc&sid1=111&rankingType=popular_day&oid=025&aid=0003031093&date=20200901&type=1&rankingSectionId=101&rankingSeq=1
"'박지윤-최동석 살렸다' 입소문에…볼보 S90, 2500대 미리 팔렸다",박지윤최동석 사고로 볼보 안전성 화제디젤 배제하고 하이브리드 라인업 구성신형 S90 6030만원부터5년10만km 무상보증볼보가 신형 S90를 국내 공식 출시한다 사진볼보자동차코리아볼보자동차코리아 1일 플래그십 세단 S90의 부분변경페이스리프트 모델을 국내에 공식 출시했다최근 방송인 박지윤씨와 최동석 KBS 아나운서 부부 가족의 교통 사고를 계기로 볼보 자동차의 안전성이 다시 주목받으면서 약 2500대가 사전 계약됐다고 볼보자동차코리아는 밝혔다 지난 7월 차선을 넘어온 트럭이 박씨 부부와 10대 자녀 2명 등 4명이 타고 있던 볼보 준대형 스포츠유틸리티차량SUV XC90와 정면으로 충돌했지만 박씨 가족 4명은 복통과 손가락 통증 등의 경상에 그친 바 있다2016년 디트로이트 국제 오토쇼를 통해 처음 등장하고 4년 만에 부분변경된 신형 S90는 전장을 5m 이상으로 늘리고 친환경 파워트레인을 적용하면서 존재감을 강화했다신형 S90의 전장은 5090mm로 이전 모델에 비해 125mm 길어졌고 축간거리도 120mm 늘어난 3060mm로 여유로운 실내공간을 제공한다 볼보는 새로운 공간경험을 위해 S90 모든 트림에 △어드벤스드 공기 청정기능 및 미세먼지 필터 △대형 파노라믹 선루프 △휴대전화 무선충전 T8 제외 및 2열 더블 C타입 USB 등을 제공한다주력 판매 트림인 인스크립션’ 모델에는 △전자식 크리스탈 기어노브 △바워스윌킨스BW; 사운드 시스템 △뒷좌석 럭셔리 암레스트 △전동식 뒷좌석 사이드 선블라인드 및 리어 선 커튼 등까지 추가로 제공된다2018년 노르웨이에서 발생한 볼보 XC70와 덤프트럭 정면 충돌 사고 사고 운전자가 팔을 뻗어 파편을 치우는 모습이 나온다 사진유튜브 갈무리안전은 옵션이 될 수 없다’는 브랜드 철학에 따라 모든 트림에 첨단 안전 패키지인 인텔리 세이프’가 동일하게 탑재된다 앞 차량과 간격을 유지하며 차선 중앙에 맞춰 조향을 보조하는 파일럿 어시스트 II와 차량보행자자전거대형 동물을 감지하고 교차로 추돌 감지 기능이 추가된 긴급제동 시스템 시티세이프티’가 대표적이다 도로 이탈 완화’ 반대 차선 접근 차량 충돌 회피’ 등 볼보의 안전 노하우가 집약된 기술도 모두 제공된다 운전에 미숙한 이들의 과속 사고 예방을 위해 최고 속도를 운전자가 사전에 설정하는 케어 키 기능도 국내 최초로 적용됐다 이 기능은 S90를 시작으로 모든 볼보 차량에 탑재될 예정이다신형 S90 파워트레인에는 디젤 엔진이 전면 배제됐다 대신 순수 내연기관을 대체하는 250마력 B5 가솔린 마일드 하이브리드와 총 405마력 T8 트윈엔진 플러그인 하이브리드 및 8단 자동변속기 조합으로 출시된다 부산 금정구 경부고속도로에서 역주행한 트럭이 방송인 박지윤씨와 최동석 KBS 아나운서 부부의 차량과 사고가 난 모습 사진부산경찰청연합뉴스이윤모 볼보자동차코리아 대표는 “신형 S90은 안전과 환경에 대한 배려가 담긴 스웨디시 럭셔리의 정수”라며 “디자인과 실내공간 및 편의사양 친환경 파워트레인까지 새롭게 탄생한 신형 S90을 통해 럭셔리의 진화를 경험해보시길 바란다”고 말했다신형 S90의 국내 판매가는 B5 모멘텀 6030만원 B5 인스크립션 6690만원 T8 AWD 인스크립션 8540만원으로 책정됐다 수입차 업계 최고 수준의 5년 또는 10만km 워런티 및 메인터넌스도 제공한다 이달 둘째 주부터 신형 S90의 고객 인도를 시작한다고 밝혔다 브랜드 홍보대사 손흥민 선수와 함께한 새 광고 영상도 공개한다오세성 한경닷컴 기자 sesunghankyungcom기사제보 및 보도자료 openhankyungcom 믿고 보는 기자 한경 기자 코너 네이버에서 한국경제 뉴스를 받아보세요 모바일한경 구독신청 ⓒ 한국경제  hankyungcom 무단전재 및 재배포 금지,https://news.naver.com/main/ranking/read.nhn?mid=etc&sid1=111&rankingType=popular_day&oid=015&aid=0004407909&date=20200901&type=1&rankingSectionId=103&rankingSeq=4
"“미안하다, 내 갈길 떠난다” ‘여행에 미치다’ 조준기, 응급처치 후 병원 이송[전문]",1일 오전 서울 용산서 위중 상태로 발견 인스타에 극단 선택 암시글 올려“불필요한 피해 발생 않길” 네티즌 “나쁜 마음 먹지 말라” “경찰에 신고해야”음란 동영상 게시물을 인스타그램에 올렸다는 논란에 휩싸인 여행 정보 소개 채널 여행에 미치다’ 조준기 대표가 1일 자신의 소셜미디어에 극단적인 선택을 암시하는 글을 올린 뒤 위중한 상태로 발견됐다1일 경찰에 따르면 조 대표는 이날 오전 11시쯤 서울 용산구 모처에서 의식이 불명확한 상태로 발견됐다 그는 심폐소생술CPR 등 응급처치를 받으며 인근 병원으로 옮겨졌다 경찰 관계자는 “조준기의 지인이 신고를 해 소방 구조대와 이태원 파출소에서 출동을 했다”며 “CPR 하면서 병원으로 이송해 호흡과 맥박이 돌아왔다”고 했다조 대표는 이날 오전 10시 50분쯤 인스타그램에 “이제 더 이상 그 누구에게도 짐이 되지 않고 내 갈 길로 떠나려고 한다 끝까지 이기적일거니 차라리 미워하고 원망해주길”이라며 “정말 모두에게 너무 미안하다 나 때문에 이유 없이 고통 받고 욕 먹는 크루들 친구들 그리고 제일 사랑하는 가족들까지”라고 했다여행에 미치다 대표 조준기조 대표는 “정말 지금까지 여한 없이 불행했고 행복했으며 여러분들과 함께 하는 모든 날이 더할나위 없었던 내 인생 전부이자 진심이었다”며 “마지막으로 조준기를 가족으로 대표로 친구로 사랑하는 사람으로 대해줬던 모든 사람들에게 이리 부족한 나를 항상 보듬아주고 응원해줘서 고마웠다고 이렇게 얼굴도 못 보고 죄만 짓고 떠나 너무 가슴 아프다고”라고 적었다 그러면서 “정말 너무 미안해 모두 언젠가 길 위에서 다시 만나자”고 했다조 대표는 이런 내용의 글과 함께 부의금을 자신의 계좌로 보내달라고 썼다 그는 “추신  코로나 시국이니 장례식은 가족끼리만 해주고 지인들 부조는 남은 우리 가족들크루들 다시 잘 살아갈 수 있도록 05520104 ○○은행 조준기여행에미치다로 보내놔주면 좋겠다”라고 썼다그러면서 “사건은 사건 그 자체만으로의 과실을 따져주길 불필요한 인과들로 불필요한 피해가 발생하지 않기를 바란다”며 ”크루들이 새로이 시작해 나갈 때 부디 많은 도움과 응원도 부탁드린다 잘못은 내가 혼자 한건데 나머지 19명까지 같이 싸잡아 욕 할 필요 없잖아요 얼마나 능력 있고 성실하며 나보단 그 얼마나 떳떳하게 살아가는 사람들인데 괜히 나 때문에 이들 또한 피해 본 사람들인 걸요”라고 했다이에 네티즌들은 “살면서 실수할 수도 있는데 나쁜 마음 먹지 말라” “경찰에 신고해야 하는 것 아니냐”는 등 댓글을 달았다조 대표 “내가 영상 올린 당사자”→ 2차 사과문선 “업로드를 진행한 담당자”앞서 최근 120만 인스타그램 팔로워를 보유한 여행에 미치다의 공식 소셜미디어에 영상 음란물을 올라와 논란을 빚은 바 있다 지난달 29일 이 회사 인스타그램 공식계정에는 강원도 평창 양떼 목장’을 소개하는 게시물이 여러 사진동영상과 함께 올라왔다 이 가운데 문제가 된 음란물로 추정되는 동영상이 포함됐다 네티즌들은 “음란물 아니냐” “불법 촬영된 영상으로 보인다”라고 했다해당 게시물은 곧바로 삭제됐고 1차 사과문이 올라왔다 여행에 미치다 측은 “일말의 변명 없이 관리자로서 신중히 신경쓰지 못해 게시물을 보신 많은 분뿐만 아니라 게시물을 제공해주신 분께도 피해를 끼치게 됐다”며 “불쾌한 영상과 미숙한 운영 및 조치로 실망하셨을 분들에게 다시 한번 머리 숙여 사과드린다”고 했다조 대표는 이 사과문에 직접 댓글을 달았다 그는 “심려를 끼쳐 죄송하다 금일 양떼 목장 게시물을 직접 업로드한 당사자다”라며 “해당 영상의 경우 트위터에서 다운로드한 영상이다 직접 촬영한 형태가 아니다”라고 했다 이어 “영상에 포함된 인물 모두 동성同性입니다 영상을 불법 다운로드한 부분에 있어서는 적절한 처벌을 받도록 하겠다”라며 “해당 사안으로 피해를 끼치게 된 회사에 큰 책임을 느끼는 바 금일부로 대표직을 내려놓도록 하겠다”라고 했다그러나 30일 사과문이 재차 올라왔고 1차 사과문은 비공개 처리됐다 여행에 미치다는 2차 사과문에선 “콘텐츠 업로드 중 부주의로 인해 이번과 같은 상황이 발생했다 관련 사항은 보다 정확한 판단을 위해 사법기관에 의뢰할 예정”이라면서 “어떠한 변명의 여지 없이 해당 영상을 직접 촬영하지 않았더라도 단순 소지 자체만으로도 문제이며 법적으로 처벌을 논해야 하는 상황이다 이에 내부적으로 이번 문제의 심각성을 인지하고 업로드를 진행한 담당자와 함께 사법기관에 정식으로 사건 접수를 진행하겠다”라고 했다문제의 영상을 대표 조준기씨가 직접 업로드했다’는 1차 사과문과 댓글과는 달리 2차 사과문에서는 업로드를 진행한 담당자’로 표현이 바뀌었다 또 대표직에서 사퇴하겠다’라고 밝힌 내용은 아예 사라졌다 여행에 미치다 측은 두 번째 올린 사과문에서 “본 팀은 해당 문제의 심각성을 인정하며 사법기관에 의뢰한 진행 상황과 결과에 대해 책임있게 공유드리겠다”며 “기업 법정 의무교육 외에 추가적으로 전직원 대상 성윤리 관련 교육을 진행하겠다”라고 했다소셜미디어와 온라인 커뮤니티에선 여행에 미치다에 올라온 영상이 불법 촬영 동영상으로 의심된다며 관계 당국에 신고한 내역을 공개하는 네티즌들의 인증이 이어졌다 서울 강남경찰서는 이번 사건과 관련해 “여행에 미치다’ 인스타그램에 성관계 영상이 올라온 사건을 언론 보도를 통해 인지한 뒤 내사에 착수했다”고 밝혔다여행에 미치다는 2014년 조 대표가 여행 정보를 페이스북 페이지에 게재하는 것으로 시작해 현재 인스타그램과 유튜브 등 각종 플랫폼에서 도합 수백만 구독자를 거느린 여행 전문 회사다 페이스북 페이지는 202만명이 구독 중이며 인스타그램은 120만명 유튜브는 40만명의 구독자가 있다다음은 조준기 대표가 인스타그램에 올린 글 전문정말 모두에게 너무 미안하다ㅡㅡ 나 때문에 이유 없이 고통 받고 욕 먹는 크루들 친구들 그리고 제일 사랑하는 가족들까지이제 더 이상 그 누구에게도 짐이 되지 않고 내 갈 길로 떠나려고 함ㅡㅡ 끝까지 이기적일거니 차라리 미워하고 원망해주길정말 지금까지 여한 없이 불행했고 행복했으며 여러분들과 함께 하는 모든 날이 더할나위 없었던 내 인생 전부이자 진심이었다마지막으로 조준기를 가족으로 대표로 친구로 사랑하는 사람으로 대해줬던 모든 사람들에게 이리 부족한 나를 항상 보듬아주고 응원해줘서 고마웠다고 이렇게 얼굴도 못 보고 죄만 짓고 떠나 너무 가슴 아프다고정말 너무 미안해 모두 언젠가 길 위에서 다시 만나자추신  코로나 시국이니 장례식은 가족끼리만 해주고 지인들 부조는 남은 우리 가족들크루들 다시 잘 살아갈 수 있도록 05520104XXXXXX ○○은행 조준기여행에미치다로 보내놔주면 좋겠음ㅡㅡ사건은 사건 그 자체만으로의 과실을 따져주길 불필요한 인과들로 불필요한 피해가 발생하지 않기를 바랍니다크루들이 새로이 시작해 나갈 때 부디 많은 도움과 응원도 부탁드립니다 잘못은 내가 혼자 한건데 나머지 19명 까지 같이 싸잡아 욕 할 필요 없잖아요 얼마나 능력 있고 성실하며 나보단 그얼마나 떳떳하게 살아가는 사람들인데 괜히 나 때문에 이들 또한 피해 본 사람들인걸요김명진 cccvchosuncom  집 있어도 없어도 스트레스 혼돈의 부동산 유용원 군사전문기자의 밀리터리시크릿 밀톡  과학이 이렇게 재밌을수가 사이언스카페  ,https://news.naver.com/main/ranking/read.nhn?mid=etc&sid1=111&rankingType=popular_day&oid=023&aid=0003558377&date=20200901&type=1&rankingSectionId=105&rankingSeq=2
"[단독] “추미애 보좌관, 군에 전화해 휴가 연장 요청”",秋아들 휴가 미복귀 의혹 사건  검찰 부대 관계자 진술 확보27일 추미애 장관이 과천 법무부 청사로 출근하고 있다 뉴시스추미애 법무부 장관 아들 서모27씨의 군 휴가 미未복귀’ 의혹 사건을 수사 중인 검찰이 자신을 추미애 의원 보좌관’이라고 밝힌 인물이 서씨 군 복무 당시 부대에 전화를 걸어 휴가 연장을 요청했다는 진술을 확보한 것으로 31일 알려졌다 서씨는 육군 카투사 일병이었던 2017년 6월 5일부터 27일까지 ’23일 연속 휴가병가 포함를 썼다 당시 추 장관은 더불어민주당 대표였다 추 장관 아들의 동료 병사와 미래통합당은 “추 장관 아들이 휴가에서 복귀하지 않자 부대 간부가 아닌 상급 부대의 모 대위가 당직 사령실로 와서 휴가 연장 건을 직접 처리하겠다’고 했다”며 외압 의혹을 제기하고 있다미래통합당 신원식 의원실에 따르면 추 장관 아들이 소속됐던 부대 관계자 A씨는 최근 서울동부지검에 참고인으로 출석해 조사받았다 A씨는 검찰 조사에서 “2017년 6월 21일 부대 단결 행사축구 경기 중 추미애 의원 보좌관’이라는 사람이 전화를 걸어왔다”고 했다 당시는 서씨의 2차 병가가 끝나기 이틀 전이었다 추 의원 보좌관’이라고 밝힌 인물은 A씨에게 “서 일병 휴가가 곧 종료되는데 통원과 입원이 아닌 집에서 쉬면서 회복하려고 한다 병가 처리해줄 수 있느냐”고 했고 A씨는 “규정상 집에서 쉬는 것은 병가 처리가 안 된다”고 했다 이 사실을 보고받은 A씨의 상관 B씨는 “병가로 처리하기는 규정상 어려우니 개인 연가’로 처리해주라”고 지시했다고 한다 이에 서씨는 애초 예정된 병가가 끝난 뒤에도 복귀하지 않았고 이후 나흘간 개인 연가’ 명목으로 휴가를 썼다고 신 의원은 지적했다“추 장관 아들 2차례 병가도 근거 기록 없어”추 장관 아들 서모씨는 카투사 일병으로 복무하던 2017년 6월 5일부터 14일 6월 15일부터 23일까지 두 차례 병가를 썼다 예정대로라면 6월 23일 부대에 복귀해야 했다 하지만 서씨는 정해진 날짜에 복귀하지 않았고 개인 연가 명목으로 나흘6월 2427일을 부대 밖에서 더 머문 뒤 복귀했다 이 과정에서 상급 부대 모 대위가 당직 사령실로 찾아와 휴가 연장건을 직접 처리하겠다고 했다는 당시 동료 병사들 증언이 나오면서 서씨 휴가 연장에 외압이 작용한 것 아니냐는 의혹이 제기됐다휴가를 나온 군인들이 서울역 여행 장병 안내소TMO로 향하고 있다연합뉴스육군 규정에 따르면 병가를 쓰려면 진단서나 군의관 소견서 등을 부대에 제출하고 심의를 거쳐야 하는데 추 장관 아들이 두 차례 쓴 병가의 근거 기록이 명확지 않다는 의혹도 제기되고 있다 이와 관련 검찰은 지난 36월 추 장관 아들 부대 관계자들을 소환 조사하면서 “휴가 명령지 등 병가 관련 근거 기록이 왜 없느냐”고 물은 것으로 알려졌다 이에 A씨는 “근거 기록이 없는 것은 사실이다”고 진술한 것으로 전해졌다 서씨에 대한 당시 휴가 기록은 개인 연가를 사용한 나흘간의 기록밖에 없다는 것이다 A씨의 상관 B씨는 검찰 조사에서 “지휘관이 병가를 구두로 승인했고 행정 누락으로 기록이 남지 않았던 것뿐”이라고 진술한 것으로 알려졌다추 장관 측은 당시 보좌관이라고 밝힌 인물이 부대에 전화했다는 의혹에 대해 “검찰 수사가 진행 중인 상황에 구체적으로 답변하기는 부적절하다”고 밝혔다 추 장관은 지난해 인사청문회에서 “무릎 통증으로 인한 병가였다”며 외압 의혹을 부인하기도 했다미래통합당 신원식 의원연합뉴스원선우 sunchosuncom  집 있어도 없어도 스트레스 혼돈의 부동산 유용원 군사전문기자의 밀리터리시크릿 밀톡  과학이 이렇게 재밌을수가 사이언스카페  ,https://news.naver.com/main/ranking/read.nhn?mid=etc&sid1=111&rankingType=popular_day&oid=023&aid=0003558288&date=20200901&type=1&rankingSectionId=100&rankingSeq=4
"'가로본능폰' LG윙, 美 가격 1000달러?…외신서 영상 또 유출",美 1000달러면 국내 출고가도 120만150만원 수준 예상LG전자 새로운 폼팩터디스플레이 2개기존 폰보단 가격↑LG윙의 첫번째 실물 유출 영상을 공개한 미국 IT 매체 안드로이드 오쏘리티는 LG윙의 두번째 영상도 공개했다안드로이드 오쏘리티 갈무리 © 뉴스1서울뉴스1 김정현 기자  LG전자가 올해 하반기 출시할 것으로 예상되는 LG윙코드명의 미국 출시 가격이 약 1000달러약 118만원라는 전망이 제기됐다 LG전자의 가격 정책을 미뤄볼 때 국내 출시 가격 역시 100만원에서 150만원 사이로 정해질 가능성이 높아졌다30일현지시간 해외 개발자 커뮤니티 XDA 디벨로퍼스는 LG전자와 가까운 소식통에 따르면 LG윙은 올가을에 미국에도 출시되고 가격은 1000달러 정도가 될 것이다라고 발표했다 앞서 한국 언론에서 제기된 주장을 반박하며 1607달러약 190만원로 알려진 것에 비해 훨씬 저렴하다고 덧붙였다앞서 LG전자는 LG벨벳을 국내 출고가 89만9800원에 내놓고 미국에서는 이보다 저렴한 599달러약 71만원VAT 제외에 출시했다 전작인 V50씽큐는 국내에서는 119만9000원 미국에서는 999달러약 118만원에 출시했다 이같은 국내외 출시 가격 차이를 미뤄볼 때 이번 미국 출시 예상 가격인 1000달러를 기준으로 LG윙의 국내 출시 가격 역시 120만150만원 사이에서 결정될 것으로 추정된다미국 IT 매체 안드로이드 오쏘리티는 지난 25일현지시간 LG윙의 첫번째 실물 유출 영상을 공개했다 안드로이드 오쏘리티 갈무리 © 뉴스1◇LG윙 美 1000달러에 출시전작 가격 차 생각하면 120만150만원대 예상또 지난 25일현지시간 LG윙의 첫번째 실물 유출 영상을 공개한 미국 IT 매체 안드로이드 오소리티는 LG윙의 두번째 영상도 공개했다약 10초 분량의 새로운 영상 속에서 사용자는 LG윙을 凸자 모양으로 들고 모바일 레이싱 게임인 아스팔트9을 플레이하고 있었다 메인 스크린에는 게임이 실행되고 보조 스크린에서는 게임의 미니맵이 표시됐다 영상의 7초 부분부터는 앱이 멈추는 프리징 현상이 발생했다앞서 첫번째 영상에서 메인스크린에서는 내비게이션을 보조 디스플레이에서는 음악과 통화 기능을 사용하는 것을 보여준 것과는 달리 이번에는 한 가지 애플리케이션앱을 실행하면서도 보조스크린을 활용할 수 있는 예시를 제시한 셈이다 다만 아직 출시 전이긴 하지만 멈춤 현상이 발생하는 불안한 모습을 보였다LG 윙 유출 영상에서 플레이 된 모바일 레이싱 게임 아스팔트9 게임로프트 갈무리 © 뉴스1◇외신 2번째 유출영상 공개레이싱 게임하면서 미니맵을 보조스크린에현재 LG윙은 9월 말에서 10월 초에 국내에서 출시될 것으로 예상되고 있다 LG윙의 메인 스크린의 크기는 172㎝68인치 보조 스크린은 10㎝4인치가 될 것으로 알려졌다 또 벤치마크 사이트 긱벤치를 통해 공개된 바에 따르면 Δ스냅드래곤 765G 애플리케이션 프로세서AP Δ8기가바이트GB 램 Δ안드로이드10 운영체제OS의 세부사양을 갖출 것으로 보인다 스냅드래곤765G는 LG 벨벳에 탑재된 AP다LG전자 관계자는 LG윙의 가격에 대해 여러 예측이 나오고 있지만 가격에 대해 결정된 바는 없다면서도 새로운 폼팩터인데다 스마트폰 부품 중 가격대가 높은 디스플레이가 2개가 들어가기 때문에 기존 스마트폰에 비해서는 가격대가 조금 높을 것이라고 말했다Krisnews1kr 네이버 메인에서 뉴스1 구독하기  뉴스1 바로가기코로나19 뉴스 © 뉴스1코리아news1kr 무단 전재 및 재배포 금지,https://news.naver.com/main/ranking/read.nhn?mid=etc&sid1=111&rankingType=popular_day&oid=421&aid=0004844611&date=20200901&type=1&rankingSectionId=105&rankingSeq=5
